chinese,pinyin,pinyin_with_tone,japanese_meaning,hsk_level
爱,ai,ài,愛する,1
八,ba,bā,八,1
爸爸,baba,bàba,お父さん,1
杯子,beizi,bēizi,コップ,1
北京,beijing,běijīng,北京,1
本,ben,běn,ノート,1
不,bu,bù,ではありません（否定）,1
不客气,bukeqi,bùkèqì,どういたしまして,1
菜,cai,cài,料理,1
茶,cha,chá,お茶,1
吃,chi,chī,食べる,1
出租车,chuzuche,chūzūchē,タクシー,1
打电话,dadianhua,dǎdiànhuà,電話をする,1
大,da,dà,大きい,1
的,de,de,の,1
点,dian,diǎn,点、時,1
电脑,diannao,diànnǎo,パソコン,1
电视,dianshi,diànshì,テレビ,1
电影,dianying,diànyǐng,映画,1
东西,dongxi,dōngxī,事、物,1
都,dou,dōu,全て,1
读,du,dú,読む,1
对不起,duibuqi,duìbùqǐ,すみません,1
多,duo,duō,もっと,1
多少,duoshao,duōshǎo,どの位,1
儿子,erzi,érzi,息子,1
二,er,èr,二つ,1
饭馆,fanguan,fànguǎn,レストラン,1
飞机,feiji,fēijī,航空機,1
分钟,fenzhong,fēnzhōng,分,1
高兴,gaoxing,gāoxìng,幸せ、嬉しい,1
个,ge,gè,個,1
工作,gongzuo,gōngzuò,仕事,1
狗,gou,gǒu,犬,1
汉语,hanyu,hànyǔ,中国語,1
好,hao,hǎo,良い、とても,1
喝,he,hē,飲む,1
和,he,hé,と,1
很,hen,hěn,非常に,1
后面,houmian,hòumiàn,後ろ,1
回,hui,huí,帰る,1
会,hui,huì,できる,1
火车站,huochezhan,huǒchēzhàn,鉄道駅,1
几,ji,jǐ,どのくらい,1
家,jia,jiā,家,1
叫,jiao,jiào,呼ぶ,1
今天,jintian,jīntiān,今日,1
九,jiu,jiǔ,九つ,1
开,kai,kāi,開ける,1
看,kan,kàn,見る,1
看见,kanjian,kànjiàn,見かける,1
块,kuai,kuài,塊,1
来,lai,lái,来る,1
老师,laoshi,lǎoshī,教師,1
了,le,le,過去形を表す,1
冷,leng,lěng,冷たい,1
里,li,lǐ,〜の中,1
零,ling,líng,ゼロ,1
六,liu,liù,六,1
妈妈,mama,māmā,お母さん,1
吗,ma,ma,疑問を表す,1
买,mai,mǎi,購入する,1
猫,mao,māo,猫,1
没,mei,méi,ではない（過去形の否定）,1
没关系,meiguanxi,méiguānxì,気にしないで,1
米饭,mifan,mǐfàn,米,1
明天,mingtian,míngtiān,明日,1
名字,mingzi,míngzì,名前,1
哪,na,nǎ,どの、どんな,1
哪儿,na'er,nǎ'er,どこ,1
那,na,nà,その,1
那儿,na'er,nà'er,そこ,1
呢,ne,ne,疑問を表す表現,1
能,neng,néng,できる,1
你,ni,nǐ,あなた,1
年,nian,nián,年,1
女儿,nu'er,nǚ'ér,娘,1
朋友,pengyou,péngyǒu,友人,1
漂亮,piaoliang,piàoliang,美しい,1
苹果,pingguo,píngguǒ,リンゴ,1
七,qi,qī,七,1
钱,qian,qián,お金,1
前面,qianmian,qiánmiàn,前,1
请,qing,qǐng,してください,1
去,qu,qù,行く,1
热,re,rè,熱い,1
人,ren,rén,人々,1
认识,renshi,rènshì,知っている,1
日,ri,rì,日,1
三,san,sān,三つ,1
商店,shangdian,shāngdiàn,お店,1
上,shang,shàng,上の,1
上午,shangwu,shàngwǔ,朝,1
少,shao,shǎo,少ない,1
谁,shei,shéi,誰,1
什么,shenme,shénme,何,1
十,shi,shí,十,1
时候,shihou,shíhòu,～の時,1
是,shi,shì,～である,1
书,shu,shū,本,1
水,shui,shuǐ,水,1
水果,shuiguo,shuǐguǒ,果物,1
睡觉,shuijiao,shuìjiào,寝る,1
说话,shuohua,shuōhuà,話す,1
四,si,sì,四,1
岁,sui,suì,歳,1
他,ta,tā,彼,1
她,ta,tā,彼女,1
太,tai,tài,かなり,1
天气,tianqi,tiānqì,天気,1
听,ting,tīng,聞く,1
同学,tongxue,tóngxué,同級生,1
喂,wei,wèi,もしもし,1
我,wo,wǒ,私,1
我们,women,wǒmen,私たち,1
五,wu,wǔ,五,1
喜欢,xihuan,xǐhuān,好き,1
下,xia,xià,下,1
下午,xia wu,xià wǔ,午後,1
下雨,xiayu,xiàyǔ,雨が降る,1
先生,xiansheng,xiānshēng,〜さん,1
现在,xianzai,xiànzài,今,1
想,xiang,xiǎng,したい,1
小,xiao,xiǎo,小さな,1
小姐,xiaojie,xiǎojiě,若い女性,1
些,xie,xiē,一部,1
写,xie,xiě,書く,1
谢谢,xiexie,xièxiè,ありがとう,1
星期,xingqi,xīngqí,週,1
学生,xuesheng,xuéshēng,学生,1
学习,xuexi,xuéxí,勉強する,1
学校,xuexiao,xuéxiào,学校,1
一,yi,yī,1,1
衣服,yifu,yīfú,服,1
医生,yisheng,yīshēng,医者,1
医院,yiyuan,yīyuàn,病院,1
椅子,yizi,yǐzi,椅子,1
有,you,yǒu,持っている,1
月,yue,yuè,月,1
在,zai,zài,どこどこで,1
再见,zaijian,zàijiàn,さようなら,1
怎么,zenme,zěnme,どのように,1
怎么样,zenmeyang,zěnmeyàng,どうですか？,1
这,zhe,zhè,これ,1
这儿,zhe'er,zhè'er,ここに,1
中国,zhongguo,zhōngguó,中国,1
中午,zhongwu,zhōngwǔ,正午,1
住,zhu,zhù,住んでいる,1
桌子,zhuozi,zhuōzi,机,1
字,zi,zì,字,1
昨天,zuotian,zuótiān,昨日,1
做,zuo,zuò,する,1
坐,zuo,zuò,座る,1
吧,ba,ba,でしょ？,2
白,bai,bái,白,2
百,bai,bǎi,百,2
帮助,bangzhu,bāngzhù,助ける,2
报纸,baozhi,bàozhǐ,新聞,2
比,bi,bǐ,比較して,2
别,bie,bié,しないでください,2
长,chang,cháng,長い,2
唱歌,changge,chànggē,歌を歌う,2
出,chu,chū,出る,2
穿,chuan,chuān,着る,2
船,chuan,chuán,船,2
次,ci,cì,次,2
从,cong,cóng,〜から,2
错,cuo,cuò,間違う,2
打篮球,dalanqiu,dǎlánqiú,バスケットボールをする,2
大家,dajia,dàjiā,みんな,2
但是,danshi,dànshì,しかし,2
到,dao,dào,〜へ,2
得,de,dé,得る,2
等,deng,děng,待つ,2
弟弟,didi,dìdì,弟,2
第一,diyi,dìyī,最初の,2
懂,dong,dǒng,分かった,2
对,dui,duì,正しい,2
房间,fangjian,fángjiān,部屋,2
非常,feichang,fēicháng,非常に,2
服务员,fuwuyuan,fúwùyuán,店員,2
高,gao,gāo,高い,2
告诉,gaosu,gàosù,伝える,2
哥哥,gege,gēgē,兄,2
给,gei,gěi,与える,2
公共汽车,gonggongqiche,gōnggòngqìchē,バス,2
公斤,gongjin,gōngjīn,kg キログラム,2
公司,gongsi,gōngsī,会社,2
贵,gui,guì,値段が高い,2
过,guo,guò,過ぎる,2
还,hai,hái,さらに,2
孩子,haizi,háizi,子供,2
好吃,haochi,hǎochī,美味しい,2
号,hao,hào,番号,2
黑,hei,hēi,黒,2
红,hong,hóng,赤,2
欢迎,huanying,huānyíng,歓迎する,2
回答,huida,huídá,答える,2
机场,jichang,jīchǎng,空港,2
鸡蛋,jidan,jīdàn,卵,2
件,jian,jiàn,着（上着類の数を数える）,2
教室,jiaoshi,jiàoshì,教室,2
姐姐,jiejie,jiějiě,お姉ちゃん,2
介绍,jieshao,jièshào,紹介する,2
进,jin,jìn,入る,2
近,jin,jìn,近い,2
就,jiu,jiù,すぐに,2
觉得,juede,juéde,思う、感じる,2
咖啡,kafei,kāfēi,コーヒー,2
开始,kaishi,kāishǐ,始める,2
考试,kaoshi,kǎoshì,試験,2
可能,keneng,kěnéng,かもしれない,2
可以,keyi,kěyǐ,できる,2
课,ke,kè,授業,2
快,kuai,kuài,速い,2
快乐,kuaile,kuàilè,幸せ,2
累,lei,lèi,疲れる,2
离,li,lí,〜から,2
两,liang,liǎng,二つ,2
路,lu,lù,道路,2
旅游,luyou,lǚyóu,旅行,2
卖,mai,mài,売る,2
慢,man,màn,遅い,2
忙,mang,máng,忙しい,2
每,mei,měi,それぞれ、各々,2
妹妹,meimei,mèimei,妹,2
门,men,mén,扉,2
男人,nanren,nánrén,男,2
您,nin,nín,あなた（敬語）,2
牛奶,niunai,niúnǎi,牛乳,2
女人,nuren,nǚrén,女,2
旁边,pangbian,pángbiān,隣,2
跑步,paobu,pǎobù,走る,2
便宜,pianyi,piányi,安い,2
票,piao,piào,チケット,2
妻子,qizi,qīzi,妻,2
起床,qichuang,qǐchuáng,起きる,2
千,qian,qiān,千,2
晴,qing,qíng,明確な,2
去年,qunian,qùnián,昨年,2
让,rang,ràng,させる,2
上班,shangban,shàngbān,出勤する,2
身体,shenti,shēntǐ,体,2
生病,shengbing,shēngbìng,病気になる,2
生日,shengri,shēngrì,誕生日,2
时间,shijian,shíjiān,時間,2
事情,shiqing,shìqíng,事,2
手表,shoubiao,shǒubiǎo,腕時計,2
手机,shouji,shǒujī,携帯電話,2
送,song,sòng,送る、届ける,2
所以,suoyi,suǒyǐ,だから,2
它,ta,tā,それは,2
踢足球,tizuqiu,tīzúqiú,サッカーをする,2
题,ti,tí,書き記す,2
跳舞,tiaowu,tiàowǔ,ダンス,2
外,wai,wài,外,2
完,wan,wán,完成する,2
玩,wan,wán,遊ぶ,2
晚上,wanshang,wǎnshàng,夜,2
为什么,weisheme,wèishéme,なぜ,2
问,wen,wèn,尋ねる,2
问题,wenti,wèntí,問題,2
西瓜,xigua,xīguā,スイカ,2
希望,xiwang,xīwàng,望む,2
洗,xi,xǐ,洗う,2
向,xiang,xiàng,へ,2
小时,xiaoshi,xiǎoshí,時間,2
笑,xiao,xiào,笑う,2
新,xin,xīn,新しい,2
姓,xing,xìng,姓、名字,2
休息,xiuxi,xiūxi,休憩,2
雪,xue,xuě,雪,2
颜色,yanse,yánsè,色,2
眼睛,yanjing,yǎnjīng,目,2
羊肉,yangrou,yángròu,羊肉,2
药,yao,yào,薬,2
要,yao,yào,要求する,2
也,ye,yě,さらに,2
已经,yijing,yǐjīng,もう既に,2
一起,yiqi,yìqǐ,一緒に,2
意思,yisi,yìsi,意味,2
阴,yin,yīn,陰,2
因为,yinwei,yīnwèi,なぜなら,2
游泳,youyong,yóuyǒng,泳ぐ,2
右边,youbian,yòubiān,右,2
鱼,yu,yú,魚,2
元,yuan,yuán,中国のお金の単位,2
远,yuan,yuǎn,遠い,2
运动,yundong,yùndòng,運動,2
再,zai,zài,再び,2
早上,zaoshang,zǎoshang,朝,2
张,zhang,zhāng,枚,2
丈夫,zhangfu,zhàngfū,夫,2
找,zhao,zhǎo,探す,2
着,zhe,zhe,着る,2
真,zhen,zhēn,本当に,2
正在,zhengzai,zhèngzài,まさに〜している,2
知道,zhidao,zhīdào,知っている,2
准备,zhunbei,zhǔnbèi,準備をする,2
自行车,zixingche,zìxíngchē,自転車,2
走,zou,zǒu,歩く,2
最,zui,zuì,最も,2
左边,zuobian,zuǒbiān,左,2
昨天,zuotian,zuótiān,昨日,2
做,zuo,zuò,する,2
坐,zuo,zuò,座る,2
阿姨,ayi,āyí,叔母さん,3
啊,a,a,はい，ええ,3
矮,ai,ǎi,短い,3
爱好,aihao,àihào,趣味,3
安静,anjing,ānjìng,静か,3
把,ba,bǎ,握る、つかむ,3
班,ban,bān,授業,3
搬,ban,bān,動く、運ぶ,3
半,ban,bàn,半分,3
办法,banfa,bànfǎ,方法,3
办公室,bangongshi,bàngōngshì,事務所,3
帮忙,bangmang,bāngmáng,助ける,3
包,bao,bāo,包む,3
饱,bao,bǎo,満腹,3
北方,beifang,běifāng,北,3
被,bei,bèi,〜によって〜される,3
鼻子,bizi,bízi,鼻,3
比较,bijiao,bǐjiào,比較する,3
比赛,bisai,bǐsài,試合,3
必须,bixu,bìxū,しなければならない,3
变化,bianhua,biànhuà,変化,3
表示,biaoshi,biǎoshì,表現する,3
表演,biaoyan,biǎoyǎn,演じる,3
别人,bieren,biérén,別の人,3
宾馆,binguan,bīnguǎn,ゲストハウス,3
冰箱,bingxiang,bīngxiāng,冷蔵庫,3
才,cai,cái,〜だけ,3
菜单,caidan,càidān,メニュー表,3
参加,canjia,cānjiā,参加する,3
草,cao,cǎo,草,3
层,ceng,céng,層、階,3
差,cha,chà,違い,3
超市,chaoshi,chāoshì,スーパーマーケット,3
衬衫,chenshan,chènshān,シャツ,3
成绩,chengji,chéngjī,成績,3
城市,chengshi,chéngshì,街,3
迟到,chidao,chídào,遅れる,3
出现,chuxian,chūxiàn,現れる,3
厨房,chufang,chúfáng,キッチン,3
除了,chule,chúle,〜以外、〜を除いて,3
春,chun,chūn,春,3
词语,ciyu,cíyǔ,単語,3
聪明,congming,cōngmíng,賢い,3
打扫,dasao,dǎsǎo,掃除する,3
打算,dasuan,dǎsuàn,するつもり,3
带,dai,dài,持って,3
担心,danxin,dānxīn,心配,3
蛋糕,dangao,dàngāo,ケーキ,3
当然,dangran,dāngrán,当然、もちろん,3
地,de,de,地面,3
灯,deng,dēng,光,3
低,di,dī,低い,3
地方,difang,dìfāng,場所,3
地铁,ditie,dìtiě,地下鉄,3
地图,ditu,dìtú,地図,3
电梯,dianti,diàntī,エレベーター,3
电子邮件,dianziyoujian,diànzǐyóujiàn,Eメール,3
东,dong,dōng,東,3
冬,dong,dōng,冬,3
动物,dongwu,dòngwù,動物,3
短,duan,duǎn,短い,3
段,duan,duàn,長いものの一部分を数える量詞,3
锻炼,duanlian,duànliàn,鍛える、鍛錬,3
多么,duome,duōme,どのように,3
饿,e,è,空腹,3
而且,erqie,érqiě,さらに,3
耳朵,erduo,ěrduō,耳,3
发烧,fashao,fāshāo,熱,3
发现,faxian,fāxiàn,発見,3
方便,fangbian,fāngbiàn,便利,3
放,fang,fàng,離す、入れる,3
放心,fangxin,fàngxīn,安心する,3
分,fen,fēn,分割,3
附近,fujin,fùjìn,近く,3
复习,fuxi,fùxí,復習する,3
干净,ganjing,gānjìng,清潔,3
敢,gan,gǎn,敢えて,3
感冒,ganmao,gǎnmào,風邪をひく,3
刚才,gangcai,gāngcái,さっき,3
跟,gen,gēn,とともに,3
根据,genju,gēnjù,〜によると,3
更,geng,gèng,もっと,3
公园,gongyuan,gōngyuán,公園,3
故事,gushi,gùshì,物語,3
刮风,gua feng,guā fēng,風が吹く,3
关,guan,guān,閉める,3
关系,guanxi,guānxì,関係,3
关心,guanxin,guānxīn,関心を持つ,3
关于,guanyu,guānyú,に関して,3
国家,guojia,guójiā,国,3
果汁,guozhi,guǒzhī,フルーツジュース,3
过去,guoqu,guòqù,過去,3
还是,haishi,háishì,やはり、依然として,3
害怕,haipa,hàipà,恐れて,3
河,he,hé,川,3
黑板,heiban,hēibǎn,黒板,3
护照,huzhao,hùzhào,パスポート,3
花,hua,huā,花,3
花园,huayuan,huāyuán,庭園,3
画,hua,huà,絵,3
坏,huai,huài,悪い,3
还,hai,hái,さらに,3
环境,huanjing,huánjìng,環境,3
换,huan,huàn,変える,3
黄,huang,huáng,黄色,3
会议,huiyi,huìyì,会議,3
或者,huozhe,huòzhě,もしくは,3
几乎,jihu,jīhū,ほとんど,3
机会,jihui,jīhuì,機会,3
极,ji,jí,極み、頂点,3
记得,jide,jìdé,思い出す,3
季节,jijie,jìjié,季節,3
检查,jiancha,jiǎnchá,検査,3
简单,jiandan,jiǎndān,簡単,3
健康,jiankang,jiànkāng,健康,3
见面,jianmian,jiànmiàn,会う,3
讲,jiang,jiǎng,話す,3
教,jiao,jiào,教える,3
脚,jiao,jiǎo,足,3
角,jiao,jiǎo,角度,3
接,jie,jiē,連結する、つなぐ,3
街道,jiedao,jiēdào,道,3
结婚,jiehun,jiéhūn,結婚,3
结束,jieshu,jiéshù,終わる,3
节目,jiemu,jiémù,出し物、プログラム,3
节日,jieri,jiérì,休日,3
解决,jiejue,jiějué,解決する,3
借,jie,jiè,借りる,3
经常,jingchang,jīngcháng,いつも、しょっちゅう,3
经过,jingguo,jīngguò,経過する、過ぎる,3
经理,jingli,jīnglǐ,マネージャー,3
久,jiu,jiǔ,長い,3
旧,jiu,jiù,古い,3
举行,juxing,jǔxíng,執り行なう,3
句子,juzi,jùzi,文,3
决定,jueding,juédìng,決める,3
渴,ke,kě,喉が渇く,3
可爱,ke'ai,kě'ài,愛らしい,3
刻,ke,kè,1/4（4分の1）,3
客人,keren,kèrén,客、ゲスト,3
空调,kongtiao,kōngtiáo,空調,3
口,kou,kǒu,口,3
哭,ku,kū,泣く,3
裤子,kuzi,kùzi,パンツ,3
筷子,kuaizi,kuàizi,箸,3
蓝,lan,lán,青い,3
老,lao,lǎo,老いている,3
离开,likai,líkāi,去る、離れる,3
礼物,liwu,lǐwù,ギフト,3
历史,lishi,lìshǐ,歴史,3
脸,lian,liǎn,顔,3
练习,lianxi,liànxí,練習,3
辆,liang,liàng,車,3
了解,liaojie,liǎojiě,理解する,3
邻居,linju,línjū,隣人,3
楼,lou,lóu,床,3
绿,lu,lǜ,緑,3
马,ma,mǎ,馬,3
满意,manyi,mǎnyì,満足する,3
帽子,maozi,màozi,帽子,3
米,mi,mǐ,m（メートル）,3
面包,mianbao,miànbāo,パン,3
面条,miantiao,miàntiáo,麺,3
明白,mingbai,míngbái,理解する,3
拿,na,ná,取る,3
奶奶,nainai,nǎinai,祖母,3
南,nan,nán,南,3
难,nan,nán,難しい,3
难过,nanguo,nánguò,悲しい,3
年级,nianji,niánjí,学年,3
年轻,nianqing,niánqīng,若い,3
鸟,niao,niǎo,鳥,3
努力,nuli,nǔlì,努力,3
爬山,pashan,páshān,山に登る,3
盘子,panzi,pánzi,大皿,3
胖,pang,pàng,太っている,3
啤酒,pijiu,píjiǔ,ビール,3
葡萄,putao,pútáo,葡萄,3
普通话,putonghua,pǔtōnghuà,標準語,3
其实,qishi,qíshí,実際,3
其他,qita,qítā,他の,3
骑,qi,qí,乗る,3
铅笔,qianbi,qiānbǐ,鉛筆,3
清楚,qingchu,qīngchǔ,明確な,3
秋,qiu,qiū,秋,3
奇怪,qiguai,qíguài,奇妙,3
裙子,qunzi,qúnzi,スカート,3
然后,ranhou,ránhòu,それから,3
热情,reqing,rèqíng,熱意,3
认为,renwei,rènwéi,思う,3
认真,renzhen,rènzhēn,真剣,3
容易,rongyi,róngyì,簡単,3
如果,ruguo,rúguǒ,もし,3
伞,san,sǎn,傘,3
上网,shangwang,shàngwǎng,インターネット,3
生气,shengqi,shēngqì,怒る,3
声音,shengyin,shēngyīn,音,3
使,shi,shǐ,使う,3
世界,shijie,shìjiè,世界,3
瘦,shou,shòu,やせている,3
舒服,shufu,shūfú,心地よい、快適,3
叔叔,shushu,shūshu,叔父,3
树,shu,shù,木,3
数学,shuxue,shùxué,数学,3
刷牙,shuaya,shuāyá,歯磨き,3
双,shuang,shuāng,2つの、対の,3
水平,shuiping,shuǐpíng,レベル、水準,3
司机,siji,sījī,運転手,3
虽然,suiran,suīrán,〜にもかかわらず,3
太阳,taiyang,tàiyáng,太陽,3
糖,tang,táng,砂糖,3
特别,tebie,tèbié,特別な,3
疼,teng,téng,痛み,3
提高,tigao,tígāo,上げる、高める,3
体育,tiyu,tǐyù,体育,3
甜,tian,tián,甘い,3
条,tiao,tiáo,細長い物を数える量詞,3
同事,tongshi,tóngshì,同僚,3
同意,tongyi,tóngyì,一致する,3
头发,toufa,tóufa,髪,3
突然,turan,tūrán,突然,3
图书馆,tushuguan,túshūguǎn,図書館,3
腿,tui,tuǐ,足,3
完成,wancheng,wánchéng,完成する,3
碗,wan,wǎn,お椀,3
万,wan,wàn,万,3
忘记,wangji,wàngjì,忘れる,3
为,wei,wèi,のために,3
为了,weile,wèile,するために,3
位,wei,wèi,地位,3
文化,wenhua,wénhuà,文化,3
西,xi,xī,西,3
习惯,xiguan,xíguàn,習慣,3
洗手间,xishoujian,xǐshǒujiān,トイレ,3
洗澡,xizao,xǐzǎo,入浴,3
夏,xia,xià,夏,3
先,xian,xiān,先、最初,3
香蕉,xiangjiao,xiāngjiāo,バナナ,3
相同,xiangtong,xiāngtóng,同じ,3
相信,xiangxin,xiāngxìn,信じる,3
像,xiang,xiàng,のような,3
小心,xiaoxin,xiǎoxīn,気を付ける,3
校长,xiaozhang,xiàozhǎng,校長,3
鞋,xie,xié,靴,3
新闻,xinwen,xīnwén,ニュース,3
新鲜,xinxian,xīnxiān,新鮮,3
信,xin,xìn,手紙,3
行李箱,xinglixiang,xínglǐxiāng,トランクケース,3
兴趣,xingqu,xìngqù,関心、興味,3
熊猫,xiongmao,xióngmāo,パンダ,3
需要,xuyao,xūyào,必要,3
选择,xuanze,xuǎnzé,選択する、選ぶ,3
眼镜,yanjing,yǎnjìng,眼鏡,3
要求,yaoqiu,yāoqiú,要求する,3
爷爷,yeye,yéye,祖父,3
一定,yiding,yídìng,絶対,3
一共,yigong,yígòng,合計で、合わせて,3
一会儿,yihui'er,yìhuǐ'er,しばらく,3
一样,yiyang,yíyàng,同じ、同様である,3
以后,yihou,yǐhòu,以後、その後,3
以前,yiqian,yǐqián,以前、これまで,3
以为,yiwei,yǐwéi,認める、考える,3
一般,yiban,yìbān,一般的な,3
一边,yibian,yìbiān,一方、片方,3
一直,yizhi,yìzhí,真っすぐ,3
音乐,yinyue,yīnyuè,音楽,3
银行,yinhang,yínháng,銀行,3
应该,yinggai,yīnggāi,すべき,3
影响,yingxiang,yǐngxiǎng,影響を及ぼす,3
用,yong,yòng,使う,3
游戏,youxi,yóuxì,ゲーム,3
有名,youming,yǒumíng,有名,3
又,you,yòu,また,3
遇到,yudao,yùdào,出会う,3
愿意,yuanyi,yuànyì,〜したいと思う、喜んで〜する,3
月亮,yueliang,yuèliàng,月,3
越,yue,yuè,越える,3
云,yun,yún,雲,3
站,zhan,zhàn,駅,3
长,zhang,zhǎng,長い,3
着急,zhaoji,zhāojí,心配,3
照顾,zhaogu,zhàogù,世話,3
照片,zhaopian,zhàopiàn,写真,3
照相机,zhaoxiangji,zhàoxiàngjī,カメラ,3
只,zhi,zhǐ,のみ,3
中间,zhongjian,zhōngjiān,真ん中,3
终于,zhongyu,zhōngyú,遂に、最終的に,3
种,zhong,zhǒng,種類,3
重要,zhongyao,zhòngyào,重要,3
周末,zhoumo,zhōumò,週末,3
主要,zhuyao,zhǔyào,主要,3
祝,zhu,zhù,祝う,3
注意,zhuyi,zhùyì,注意を払い,3
字典,zidian,zìdiǎn,辞書,3
自己,ziji,zìjǐ,自分の,3
总是,zongshi,zǒngshì,いつも,3
最近,zuijin,zuìjìn,最近,3
作业,zuoye,zuòyè,宿題,3
作用,zuoyong,zuòyòng,作用,3
爱情,aiqing,àiqíng,愛,4
安排,anpai,ānpái,あんばいする、段取りをする,4
安全,anquan,ānquán,安全,4
暗,an,àn,暗い,4
按时,anshi,ànshí,時間通りに,4
按照,anzhao,ànzhào,〜によると,4
包括,baokuo,bāokuò,含む,4
保护,baohu,bǎohù,保護,4
保证,baozheng,bǎozhèng,保証,4
抱,bao,bào,抱える,4
抱歉,baoqian,bàoqiàn,すみません,4
报道,baodao,bàodào,報道する,4
报名,baoming,bàomíng,登録する,4
倍,bei,bèi,倍,4
本来,benlai,běnlái,本来、元々,4
笨,ben,bèn,愚か、バカ,4
笔记本,bijiben,bǐjìběn,ノート,4
毕业,biye,bìyè,卒業,4
遍,bian,biàn,あまねく、くまなく,4
标准,biaozhun,biāozhǔn,標準,4
表达,biaoda,biǎodá,表わす、示す,4
表格,biaoge,biǎogé,表、フォーム,4
表扬,biaoyang,biǎoyáng,表彰する,4
饼干,binggan,bǐnggān,ビスケット、クッキー,4
并且,bingqie,bìngqiě,その他に,4
博士,boshi,bóshì,博士,4
不但,budan,búdàn,だけでなく、,4
不过,buguo,búguò,但し,4
不得不,budebu,bùdébù,しなければなりません,4
不管,buguan,bùguǎn,にもかかわらず,4
不仅,bujin,bùjǐn,だけでなく,4
部分,bufen,bùfèn,部分,4
擦,ca,cā,拭く,4
猜,cai,cāi,推測,4
材料,cailiao,cáiliào,材料,4
参观,canguan,cānguān,参観,4
差不多,chabuduo,chàbùduō,殆ど,4
尝,chang,cháng,味見する,4
长城,changcheng,chángchéng,万里の長城,4
长江,changjiang,chángjiāng,揚子江,4
场,chang,chǎng,場所,4
超过,chaoguo,chāoguò,上回り、超える,4
吵,chao,chǎo,騒々しい、うるさい,4
成功,chenggong,chénggōng,成功,4
成熟,chengshu,chéngshú,成熟,4
成为,chengwei,chéngwéi,になる,4
诚实,chengshi,chéngshí,誠実、正直,4
乘坐,chengzuo,chéngzuò,乗る,4
吃惊,chijing,chījīng,驚く,4
重新,chongxin,chóngxīn,重ねて、もう一度,4
抽烟,chouyan,chōuyān,喫煙,4
出差,chuchai,chūchāi,出張,4
出发,chufa,chūfā,出発,4
出生,chusheng,chūshēng,生れる,4
传真,chuanzhen,chuánzhēn,ファックス,4
窗户,chuanghu,chuānghù,窓,4
词典,cidian,cídiǎn,辞書,4
从来,conglai,cónglái,これまでずっと,4
粗心,cuxin,cūxīn,注意深くない、そそっかしい,4
答案,da'an,dá'àn,答え,4
打扮,daban,dǎbàn,身支度する、着飾る,4
打扰,darao,dǎrǎo,邪魔する、迷惑をかける,4
打印,dayin,dǎyìn,印刷する,4
打折,dazhe,dǎzhé,割引する,4
打针,dazhen,dǎzhēn,注射をする,4
大概,dagai,dàgài,大体の、おおよその,4
大使馆,dashiguan,dàshǐguǎn,大使館,4
大约,dayue,dàyuē,大体、およそ,4
戴,dai,dài,着る,4
代表,daibiao,dàibiǎo,代表,4
代替,daiti,dàitì,代える、代わりをする,4
大夫,dafu,dàfū,医師,4
当,dang,dāng,適合する,4
当地,dangdi,dāngdì,地元,4
当时,dangshi,dāngshí,地方,4
刀,dao,dāo,ナイフ,4
导游,daoyou,dǎoyóu,ツアーガイド,4
到处,daochu,dàochù,至るところ、どこでも,4
到底,daodi,dàodǐ,とうとう、ついに,4
道歉,daoqian,dàoqiàn,わびる、おわびを言う,4
得意,deyi,déyì,得意になる、したり顔をする,4
得,de,dé,得る,4
等,deng,děng,待つ,4
底,di,dǐ,底,4
地球,diqiu,dìqiú,地球,4
地址,dizhi,dìzhǐ,住所,4
掉,diao,diào,落とす,4
调查,diaocha,diàochá,調査,4
丢,diu,diū,投げる,4
动作,dongzuo,dòngzuò,動作、アクション,4
堵车,duche,dǔchē,交通渋滞,4
肚子,duzi,dùzi,腹,4
断,duan,duàn,断つ,4
对,dui,duì,正しい,4
对话,duihua,duìhuà,対話,4
对面,duimian,duìmiàn,逆の,4
顿,dun,dùn,止まる,4
朵,duo,duǒ,(花の数を数える)量詞,4
而,er,ér,〜と,4
儿童,ertong,értóng,子供,4
发,fa,fā,送る,4
发生,fasheng,fāshēng,発生する,4
发展,fazhan,fāzhǎn,発展,4
法律,falu,fǎlǜ,法律,4
翻译,fanyi,fānyì,翻訳,4
烦恼,fannao,fánnǎo,思い悩む、思い煩う,4
反对,fandui,fǎnduì,反対,4
反应,fanying,fǎnyìng,反応,4
范围,fanwei,fànwéi,範囲,4
方法,fangfa,fāngfǎ,方法,4
方面,fangmian,fāngmiàn,方面、領域,4
方向,fangxiang,fāngxiàng,方向,4
访问,fangwen,fǎngwèn,訪れる,4
放弃,fangqi,fàngqì,諦める,4
放暑假,fangshujia,fàngshǔjià,夏休み,4
〜分之〜,〜fenzhi〜,〜fēnzhī〜,〜分の〜 （分数を表す）,4
份,fen,fèn,〜人分の、〜人前の,4
丰富,fengfu,fēngfù,豊富,4
风景,fengjing,fēngjǐng,風景,4
否则,fouze,fǒuzé,その他,4
符合,fuhe,fúhé,ぴったり合う、合致する,4
富,fu,fù,豊か,4
父亲,fuqin,fùqīn,お父さん,4
复印,fuyin,fùyìn,コピー,4
复杂,fuza,fùzá,複雑、コンプレックス,4
负责,fuze,fùzé,責任を負う,4
改变,gaibian,gǎibiàn,変更する,4
干杯,ganbei,gānbēi,乾杯,4
干燥,ganzao,gānzào,乾燥,4
感动,gandong,gǎndòng,感動する,4
感觉,ganjue,gǎnjué,感じる,4
感情,ganqing,gǎnqíng,気持ち、感情,4
感谢,ganxie,gǎnxiè,感謝,4
干,gan,gàn,干す,4
刚刚,ganggang,gānggāng,ついさっき、たったいま,4
高级,gaoji,gāojí,高い、高級な,4
各,ge,gè,各,4
个子,gezi,gèzi,身長、背格好,4
公里,gongli,gōnglǐ,キロ、km,4
工具,gongju,gōngjù,工具,4
工资,gongzi,gōngzī,賃金,4
共同,gongtong,gòngtóng,共同の、共通の,4
够,gou,gòu,十分に,4
购物,gouwu,gòuwù,ショッピング,4
孤单,gudan,gūdān,孤独,4
估计,guji,gūjì,推量する、見積もる,4
鼓励,guli,gǔlì,激励する、励ます,4
鼓掌,guzhang,gǔzhǎng,拍手,4
顾客,guke,gùkè,顧客,4
故意,guyi,gùyì,わざと,4
挂,gua,guà,掛ける、つるす,4
关键,guanjian,guānjiàn,要、鍵,4
观众,guanzhong,guānzhòng,聴衆,4
管理,guanli,guǎnlǐ,管理,4
光,guang,guāng,ライト,4
广播,guangbo,guǎngbō,放送,4
广告,guanggao,guǎnggào,広告,4
逛,guang,guàng,ぶらぶら歩く,4
规定,guiding,guīdìng,規定,4
国际,guoji,guójì,国際,4
果然,guoran,guǒrán,案の定、果たせるかな,4
过,guo,guò,～したことがある,4
过程,guocheng,guòchéng,プロセス、過程,4
海洋,haiyang,hǎiyáng,海洋,4
害羞,haixiu,hàixiū,シャイ、恥ずかしがる,4
寒假,hanjia,hánjià,冬休み,4
汗,han,hàn,汗,4
航班,hangban,hángbān,フライト,4
好处,haochu,hǎochù,利益,4
好像,haoxiang,hǎoxiàng,～のような,4
号码,haoma,hàomǎ,番号,4
合格,hege,hégé,合格する,4
合适,heshi,héshì,適当である、ちょうどよい,4
盒子,hezi,hézi,箱,4
猴子,houzi,hóuzi,猿,4
厚,hou,hòu,厚い,4
后悔,houhui,hòuhuǐ,後悔,4
后来,houlai,hòulái,その後,4
忽然,huran,hūrán,突然,4
护士,hushi,hùshì,看護師,4
互相,huxiang,hùxiāng,互いに,4
怀疑,huaiyi,huáiyí,疑いを抱く、疑う,4
回忆,huiyi,huíyì,記憶,4
活动,huodong,huódòng,活動,4
活泼,huopo,huópō,活発,4
火,huo,huǒ,火災,4
获得,huode,huòdé,獲得する、得る,4
基础,jichu,jīchǔ,基礎、土台,4
激动,jidong,jīdòng,興奮する、感動する,4
积极,jiji,jījí,積極的な、ポジティブな,4
积累,jilei,jīlěi,蓄積,4
极其,jiqi,jíqí,極めて,4
集合,jihe,jíhé,集合する、集まる,4
及时,jishi,jíshí,適時である,4
即使,jishi,jíshǐ,たとえ〜であっても,4
寄,ji,jì,送る,4
记者,jizhe,jìzhě,記者,4
计划,jihua,jìhuà,計画,4
既然,jiran,jìrán,〜するからには,4
技术,jishu,jìshù,技術、テクノロジー,4
继续,jixu,jìxù,継続する,4
家具,jiaju,jiājù,家具,4
加班,jiaban,jiābān,残業,4
加油站,jiayouzhan,jiāyóuzhàn,ガソリンスタンド,4
假,jia,jiǎ,偽物,4
价格,jiage,jiàgé,価格,4
坚持,jianchi,jiānchí,やり通す、堅持する,4
减肥,jianfei,jiǎnféi,ダイエットする,4
减少,jianshao,jiǎnshǎo,減少,4
将来,jianglai,jiānglái,将来,4
奖金,jiangjin,jiǎngjīn,ボーナス,4
降低,jiangdi,jiàngdī,下がる、低下する,4
交,jiao,jiāo,つきあう、交わる,4
交流,jiaoliu,jiāoliú,交流する、交換する,4
交通,jiaotong,jiāotōng,交通、トラフィック,4
骄傲,jiao'ao,jiāo'ào,誇りに思う,4
饺子,jiaozi,jiǎozi,餃子,4
教授,jiaoshou,jiàoshòu,教授,4
教育,jiaoyu,jiàoyù,教育,4
接受,jieshou,jiēshòu,受け入れる、受け取る,4
结果,jieguo,jiéguǒ,結果,4
节约,jieyue,jiéyuē,節約する,4
解释,jieshi,jiěshì,説明する、解釈する,4
尽管,jinguan,jǐnguǎn,〜にもかかわらず,4
紧张,jinzhang,jǐnzhāng,緊張,4
进行,jinxing,jìnxíng,進行する、行なわれる,4
禁止,jinzhi,jìnzhǐ,禁止,4
精彩,jingcai,jīngcǎi,すばらしい、見事である,4
精神,jingshen,jīngshén,精神,4
经济,jingji,jīngjì,経済,4
经历,jingli,jīnglì,経歴,4
经验,jingyan,jīngyàn,経験,4
京剧,jingju,jīngjù,中国の劇,4
警察,jingcha,jǐngchá,警察,4
竟然,jingran,jìngrán,意外にも、なんと,4
竞争,jingzheng,jìngzhēng,競争,4
镜子,jingzi,jìngzi,鏡,4
究竟,jiujing,jiùjìng,結局のところ,4
举办,juban,jǔbàn,挙行する、開催する,4
拒绝,jujue,jùjué,拒絶,4
距离,juli,jùlí,距離,4
开玩笑,kaiwanxiao,kāiwánxiào,冗談を言う,4
看法,kanfa,kànfǎ,見方、見解,4
考虑,kaolu,kǎolǜ,考慮する、考える,4
棵,ke,kē,木,4
科学,kexue,kēxué,科学,4
咳嗽,kesou,késòu,咳,4
可怜,kelian,kělián,哀れである、かわいそうである,4
可是,keshi,kěshì,しかし,4
可惜,kexi,kěxí,惜しい、残念である,4
肯定,kending,kěndìng,肯定する,4
空气,kongqi,kōngqì,空気,4
恐怕,kongpa,kǒngpà,恐がる,4
苦,ku,kǔ,苦い,4
宽,kuan,kuān,広い,4
困,kun,kùn,眠い,4
困难,kunnan,kùnnán,困難,4
扩大,kuoda,kuòdà,拡大する、広げる,4
拉,la,lā,引く,4
垃圾桶,lasiton,lāsītǒn,ゴミ,4
辣,la,là,辛い,4
来不及,laibuji,láibují,間に合わない,4
来得及,laideji,láidéjí,間に合う,4
懒,lan,lǎn,怠惰である,4
浪费,langfei,làngfèi,浪費,4
浪漫,langman,làngmàn,浪漫,4
老虎,laohu,lǎohǔ,虎,4
冷静,lengjing,lěngjìng,冷静,4
理发,lifa,lǐfǎ,散髪する,4
理解,lijie,lǐjiě,理解,4
理想,lixiang,lǐxiǎng,理想的,4
礼貌,limao,lǐmào,礼儀,4
厉害,lihai,lìhài,すごい,4
力气,liqi,lìqì,力、体力,4
例如,liru,lìrú,例えば,4
俩,lia,liǎ,どちらも,4
连,lian,lián,つながる、連なる,4
联系,lianxi,liánxì,結びつく、関連する,4
凉快,liangkuai,liángkuai,涼しい,4
亮,liang,liàng,明るい,4
聊天,liaotian,liáotiān,話す,4
另外,lingwai,lìngwài,別の、ほかの,4
留,liu,liú,とどまる、引き止める,4
留学,liuxue,liúxué,留学,4
流泪,liulei,liúlèi,注ぐ、涕涙する,4
流利,liuli,liúlì,流暢,4
流行,liuxing,liúxíng,流行っている,4
乱,luan,luàn,秩序のない、乱れている,4
律师,lushi,lǜshī,弁護士,4
麻烦,mafan,máfan,煩わしい、面倒である,4
马虎,mahu,mǎhǔ,いい加減である、なおざりである,4
满,man,mǎn,満ちている、いっぱいである,4
毛巾,maojin,máojīn,タオル,4
美丽,meili,měilì,美しい,4
梦,meng,mèng,夢,4
密码,mima,mìmǎ,パスワード,4
免费,mianfei,miǎnfèi,費用を免除する、無料にする,4
民族,minzu,mínzú,国家、民族,4
母亲,muqin,mǔqīn,母,4
目的,mudi,mùdì,目的,4
耐心,naixin,nàixīn,辛抱強い、我慢強い,4
难道,nandao,nándào,まさか〜ではあるまい,4
难受,nanshou,nánshòu,苦しい、つらい,4
内,nei,nèi,以内,4
内容,neirong,nèiróng,内容、コンテンツ,4
能力,nengli,nénglì,能力,4
年龄,nianling,niánlíng,年齢,4
农村,nongcun,nóngcūn,農村、田舎,4
弄,nong,nòng,路地、する,4
暖和,nuanhuo,nuǎnhuo,暖かい,4
偶尔,ou'er,ǒu'ěr,時には,4
排列,pailie,páiliè,配列する,4
判断,panduan,pànduàn,判断する、断定する,4
陪,pei,péi,同伴する、付き添う,4
批评,piping,pīpíng,批判する,4
皮肤,pifu,pífū,皮膚,4
脾气,piqi,píqì,気性、性質,4
篇,pian,piān,編、篇,4
骗,pian,piàn,だます、欺く,4
乒乓球,pingpangqiu,pīngpāngqiú,卓球,4
平时,pingshi,píngshí,通常、いつも,4
瓶子,pingzi,píngzi,瓶、ボトル,4
破,po,pò,壊す,4
普遍,pubian,pǔbiàn,普遍的である,4
其次,qici,qícì,次、その次,4
其中,qizhong,qízhōng,その中、そのう,4
起飞,qifei,qǐfēi,離陸,4
起来,qilai,qǐlái,起き上がる、起きて座る,4
气候,qihou,qìhòu,気候,4
千万,qianwan,qiānwàn,ぜひ、きっと,4
签证,qianzheng,qiānzhèng,査証、ビザ,4
墙,qiang,qiáng,壁,4
敲,qiao,qiāo,たたいて音を出す,4
桥,qiao,qiáo,橋,4
巧克力,qiaokeli,qiǎokèlì,チョコレート,4
亲戚,qinqi,qīnqī,親戚、親類,4
轻,qing,qīng,軽い,4
轻松,qingsong,qīngsōng,リラックス,4
情况,qingkuang,qíngkuàng,状況、事態,4
请假,qingjia,qǐngjià,休暇をもらう、休みを取る,4
请客,qingke,qǐngkè,招く、誘う、おごる,4
穷,qiong,qióng,貧しい、貧乏である,4
区别,qubie,qūbié,区別する、見分ける,4
取,qu,qǔ,取る、取って来る,4
全部,quanbu,quánbù,完成、全部,4
缺点,quedian,quēdiǎn,欠点、短所,4
缺少,queshao,quēshǎo,欠乏する、不足する,4
却,que,què,退く、後退する,4
确实,queshi,quèshí,確実である、確かである,4
群,qun,qún,群れ、群,4
然而,ran'er,rán'ér,但し,4
热闹,renao,rènào,にぎやかである,4
人民币,renminbi,rénmínbì,人民元,4
任何,renhe,rènhé,いかなる、どのような,4
任务,renwu,rènwù,任務,4
扔,reng,rēng,投げる、ほうる,4
仍然,rengran,réngrán,依然として、あいかわらず,4
日记,riji,rìjì,日記,4
入口,rukou,rùkǒu,入口,4
软,ruan,ruǎn,軟らかい,4
散步,sanbu,sànbù,散歩する,4
森林,senlin,sēnlín,森,4
沙发,shafa,shāfā,ソファ,4
商量,shangliang,shāngliáng,話し合う、相談する,4
伤心,shangxin,shāngxīn,心を傷つける、悲しい,4
稍微,shaowei,shāowéi,少し、ちょっと,4
社会,shehui,shèhuì,社会,4
深,shen,shēn,深い,4
申请,shenqing,shēnqǐng,申請する,4
甚至,shenzhi,shènzhì,〜さえ、〜すら,4
生活,shenghuo,shēnghuó,生活,4
生命,shengming,shēngmìng,生命,4
省,sheng,shěng,節約する、省,4
剩,sheng,shèng,残る、余る,4
失败,shibai,shībài,敗れる、負ける,4
失望,shiwang,shīwàng,失望した,4
师傅,shifu,shīfù,師匠、親方,4
湿润,shirun,shīrùn,湿って潤いがある,4
狮子,shizi,shīzi,獅子、ライオン,4
十分,shifen,shífēn,十分,4
实际,shiji,shíjì,実際,4
实在,shizai,shízài,本当に、全く,4
食品,shipin,shípǐn,食品,4
使用,shiyong,shǐyòng,使う,4
试,shi,shì,試す,4
市场,shichang,shìchǎng,市場,4
适合,shihe,shìhé,適する,4
适应,shiying,shìyìng,適応する、相応,4
世纪,shiji,shìjì,世紀,4
收,shou,shōu,集める、収める,4
收入,shouru,shōurù,収入,4
收拾,shoushi,shōushí,片づける、整理する,4
首都,shoudu,shǒudū,首都,4
首先,shouxian,shǒuxiān,最初に、真っ先に,4
受不了,shoubuliao,shòubùliǎo,耐えられない,4
受到,shoudao,shòudào,受ける、被る,4
售货员,shouhuoyuan,shòuhuòyuán,売り子、店員,4
输,shu,shū,負ける、敗れる,4
熟悉,shuxi,shúxī,よく知っている、熟知している,4
数量,shuliang,shùliàng,数量,4
数字,shuzi,shùzì,数字、デジタル,4
帅,shuai,shuài,カッコいい,4
顺便,shunbian,shùnbiàn,ついでに,4
顺利,shunli,shùnlì,うまく進む、支障がない,4
顺序,shunxu,shùnxù,順序、順番．,4
说明,shuoming,shuōmíng,説明,4
硕士,shuoshi,shuòshì,修士号,4
死,si,sǐ,死ぬ,4
速度,sudu,sùdù,速度、スピード,4
塑料袋,suliaodai,sùliàodài,ビニール袋,4
酸,suan,suān,酸っぱい,4
算,suan,suàn,計算する、勘定する,4
随便,suibian,suíbiàn,都合のよいようにする,4
随着,suizhe,suízhe,つれて、従って,4
孙子,sunzi,sūnzi,孫,4
所有,suoyou,suǒyǒu,全て,4
台,tai,tái,駅,4
抬,tai,tái,リフト,4
态度,taidu,tàidù,態度,4
谈,tan,tán,話す,4
弹钢琴,dangangqin,dàngāngqín,ピアノを弾く,4
汤,tang,tāng,スープ,4
趟,tang,tàng,往復する回数を数える量詞,4
躺,tang,tǎng,横たわる、横になる,4
讨论,taolun,tǎolùn,討論する,4
讨厌,taoyan,tǎoyàn,嫌い,4
特点,tedian,tèdiǎn,特色、特徴,4
提供,tigong,tígōng,提供,4
提前,tiqian,tíqián,繰り上げる,4
提醒,tixing,tíxǐng,注意を促す,4
填空,tiankong,tiánkòng,空欄に記入する,4
条件,tiaojian,tiáojiàn,条件,4
停止,tingzhi,tíngzhǐ,停止する,4
挺,ting,tǐng,非常に、とても,4
通过,tongguo,tōngguò,によって,4
通知,tongzhi,tōngzhī,お知らせ、通知,4
同情,tongqing,tóngqíng,同情,4
推,tui,tuī,押す,4
推迟,tuichi,tuīchí,遅らせる、延ばす,4
脱,tuo,tuō,脱ぐ,4
袜子,wazi,wàzi,靴下,4
完全,wanquan,wánquán,完全である,4
往,wang,wǎng,〜へ,4
往往,wangwang,wǎngwǎng,往々にして、しばしば,4
网球,wangqiu,wǎngqiú,テニス,4
网站,wangzhan,wǎngzhàn,ウェブサイト,4
危险,weixian,wéixiǎn,危険な,4
味道,weidao,wèidào,味,4
温度,wendu,wēndù,温度,4
文章,wenzhang,wénzhāng,記事、文章,4
握手,woshou,wòshǒu,握手,4
污染,wuran,wūrǎn,汚染,4
无,wu,wú,無い,4
无聊,wuliao,wúliáo,退屈である、つまらない,4
无论,wulun,wúlùn,かかわらず、どんなであっても,4
误会,wuhui,wùhuì,誤解,4
西红柿,xihongshi,xīhóngshì,トマト,4
吸引,xiyin,xīyǐn,吸い寄せる、引きつける．,4
洗衣机,xiyiji,xǐyījī,洗濯機,4
咸,xian,xián,塩味,4
现代,xiandai,xiàndài,近代的、現代,4
羡慕,xianmu,xiànmù,羨ましい,4
限制,xianzhi,xiànzhì,制限する,4
香,xiang,xiāng,香り,4
相反,xiangfan,xiāngfǎn,反して,4
详细,xiangxi,xiángxì,詳細,4
响,xiang,xiǎng,音がする、鳴る,4
消息,xiaoxi,xiāoxī,ニュース、報道,4
小说,xiaoshuo,xiǎoshuō,小説,4
笑话,xiaohua,xiàohuà,冗談、笑い話,4
效果,xiaoguo,xiàoguǒ,効果、結果,4
辛苦,xinku,xīnkǔ,苦しい、つらい,4
心情,xinqing,xīnqíng,気持ち、気分,4
信任,xinren,xìnrèn,信頼する,4
信心,xinxin,xìnxīn,自信、信念,4
信用卡,xinyongka,xìnyòngkǎ,クレジットカード,4
兴奋,xingfen,xīngfèn,興奮する,4
行,xing,xíng,行,4
醒,xing,xǐng,覚める,4
性别,xingbie,xìngbié,性別,4
性格,xingge,xìnggé,性格,4
幸福,xingfu,xìngfú,幸せ,4
修,xiu,xiū,直す,4
许多,xuduo,xǔduō,多くの,4
血,xue,xuè,血液,4
压力,yali,yālì,圧力,4
牙膏,yagao,yágāo,歯磨,4
亚洲,yazhou,yàzhōu,アジア,4
呀,ya,ya,うん,4
盐,yan,yán,塩,4
严格,yange,yángé,たいへん厳しい、厳格である,4
严重,yanzhong,yánzhòng,重大である、深刻である,4
研究生,yanjiusheng,yánjiūshēng,大学院生．,4
演出,yanchu,yǎnchū,演出,4
演员,yanyuan,yǎnyuán,俳優,4
阳光,yangguang,yángguāng,日光,4
养成,yangcheng,yǎngchéng,作り上げる、身につける,4
样子,yangzi,yàngzi,様子,4
邀请,yaoqing,yāoqǐng,招く、招待する．,4
钥匙,yaoshi,yàoshi,鍵,4
也许,yexu,yěxǔ,あるいは〜かもしれない,4
页,ye,yè,ページ,4
叶子,yezi,yèzi,葉,4
一切,yiqie,yīqiè,すべて,4
以,yi,yǐ,によって,4
亿,yi,yì,一億,4
意见,yijian,yìjiàn,意見,4
艺术,yishu,yìshù,アート、芸術,4
因此,yinci,yīncǐ,それだからこそ,4
饮料,yinliao,yǐnliào,飲物,4
引起,yinqi,yǐnqǐ,引き起こす,4
印象,yinxiang,yìnxiàng,印象,4
赢,ying,yíng,勝利,4
硬,ying,yìng,硬い,4
勇敢,yonggan,yǒnggǎn,勇敢,4
永远,yongyuan,yǒngyuǎn,永久に,4
优点,youdian,yōudiǎn,長所、メリット,4
优秀,youxiu,yōuxiù,優秀,4
幽默,youmo,yōumò,ユーモア,4
由,you,yóu,によって、理由,4
由于,youyu,yóuyú,〜によって、〜のために,4
尤其,youqi,yóuqí,とりわけ、殊に,4
有趣,youqu,yǒuqù,面白い,4
友好,youhao,yǒuhǎo,友好的である,4
友谊,youyi,yǒuyì,友情,4
愉快,yukuai,yúkuài,愉快である、心楽しい,4
于是,yushi,yúshì,それから,4
与,yu,yǔ,と,4
语法,yufa,yǔfǎ,文法、語法,4
语言,yuyan,yǔyán,言語,4
羽毛球,yumaoqiu,yǔmáoqiú,バドミントン,4
预习,yuxi,yùxí,予習する,4
圆,yuan,yuán,円い、円形である,4
原来,yuanlai,yuánlái,元々,4
原谅,yuanliang,yuánliàng,許す,4
原因,yuanyin,yuányīn,原因、理由,4
约会,yuehui,yuēhuì,会う約束をする．,4
阅读,yuedu,yuèdú,閲読する、読む,4
允许,yunxu,yǔnxǔ,許す、認める,4
杂志,zazhi,zázhì,雑誌,4
咱们,zanmen,zánmen,我々,4
暂时,zhanshi,zhànshí,一時、しばらく,4
脏,zang,zàng,汚い,4
责任,zeren,zérèn,責任,4
增加,zengjia,zēngjiā,増加する,4
增长,zengzhang,zēngzhǎng,増える,4
窄,zhai,zhǎi,狭い,4
招聘,zhaopin,zhāopìn,募集する、招く,4
真正,zhenzheng,zhēnzhèng,本当の、真の,4
整理,zhengli,zhěnglǐ,整理する、整頓,4
整齐,zhengqi,zhěngqí,秩序がある、秩序正しい,4
正常,zhengchang,zhèngcháng,正常である,4
正好,zhenghao,zhènghǎo,ちょうどよい,4
正确,zhengque,zhèngquè,正確,4
正式,zhengshi,zhèngshì,正式の、公式の,4
证明,zhengming,zhèngmíng,証明する,4
之,zhi,zhī,それは,4
只,zhi,zhǐ,単独の、たった一つの,4
支持,zhichi,zhīchí,支持する、支援する,4
知识,zhishi,zhīshì,知識,4
值得,zhide,zhídé,値段に見合う、割に合う,4
直接,zhijie,zhíjiē,直接的である,4
植物,zhiwu,zhíwù,植物,4
职业,zhiye,zhíyè,職業,4
指,zhi,zhǐ,指,4
只好,zhihao,zhǐhǎo,やむなく、やむをえず,4
只要,zhiyao,zhǐyào,〜しさえすれば,4
质量,zhiliang,zhìliàng,品質,4
至少,zhishao,zhìshǎo,少なくとも,4
制造,zhizao,zhìzào,製造する、作る,4
中文,zhongwen,zhōngwén,中国語,4
重点,zhongdian,zhòngdiǎn,重要な、重点的な,4
重视,zhongshi,zhòngshì,重視する,4
周围,zhouwei,zhōuwéi,周りに,4
猪,zhu,zhū,豚,4
逐渐,zhujian,zhújiàn,次第に、だんだん,4
主动,zhudong,zhǔdòng,主体的である,4
主意,zhuyi,zhǔyì,考え,4
祝贺,zhuhe,zhùhè,祝う,4
著名,zhuming,zhùmíng,著名である,4
专门,zhuanmen,zhuānmén,専門,4
专业,zhuanye,zhuānyè,専攻,4
赚,zhuan,zhuàn,もうける,4
撞,zhuang,zhuàng,ぶつかる,4
准确,zhunque,zhǔnquè,精度が高い,4
准时,zhunshi,zhǔnshí,時間が正確である,4
仔细,zixi,zǐxì,注意深い、こまやかである,4
自然,ziran,zìrán,自然に,4
总结,zongjie,zǒngjié,概要、まとめる,4
租,zu,zū,家賃,4
组成,zucheng,zǔchéng,組み合わせる、構成する,4
组织,zuzhi,zǔzhī,組織,4
嘴,zui,zuǐ,口,4
最好,zui hao,zuì hǎo,最高,4
最后,zuihou,zuìhòu,遂に,4
尊重,zunzhong,zūnzhòng,尊敬,4
生意,shengyi,shēngyì,ビジネス,4
座,zuo,zuò,座る,4
座位,zuowei,zuòwèi,座席,4
作者,zuozhe,zuòzhě,著者、作者,4
唉,ai,āi,はい，ええ,5
爱护,aihu,àihù,大切に保護する，愛護する,5
爱惜,aixi,àixī,大事にする，惜しむ．,5
爱心,aixin,àixīn,思いやり,5
安慰,anwei,ānwèi,慰める,5
安装,anzhuang,ānzhuāng,据え付ける，取り付ける,5
岸,an,àn,岸,5
把握,bawo,bǎwò,把握する,5
摆,bai,bǎi,並べる，配置する,5
班主任,banzhuren,bānzhǔrèn,担任,5
办理,banli,bànlǐ,取り扱う，処理する．,5
棒,bang,bàng,スティック、棒,5
傍晚,bangwan,bàngwǎn,日暮れ時，夕方,5
包裹,baoguo,bāoguǒ,包む，くるむ,5
包含,baohan,bāohán,含む，包含する,5
包子,baozi,bāozi,丸パン,5
薄,bao,báo,薄い,5
宝贝,baobei,bǎobèi,赤ちゃん,5
宝贵,baogui,bǎoguì,大切である，貴重である,5
保持,baochi,bǎochí,維持する，保持する,5
保存,baocun,bǎocún,保存する，貯蔵する,5
保留,baoliu,bǎoliú,とどめる，残す,5
保险,baoxian,bǎoxiǎn,保険,5
报告,baogao,bàogào,報告する、レポート,5
悲观,beiguan,bēiguān,悲観的,5
背,bei,bèi,背負う，掛ける,5
背景,beijing,bèijǐng,背景,5
被子,beizi,bèizi,掛け布団,5
本科,benke,běnkē,学部のコース,5
本领,benling,běnlǐng,能力、腕前,5
本质,benzhi,běnzhí,本質、自然,5
比例,bili,bǐlì,比例、比率,5
比如,biru,bǐrú,例えば…など,5
彼此,bici,bǐcǐ,これとあれ、互いに,5
毕竟,bijing,bìjìng,結局のところ,5
避免,bimian,bìmiǎn,回避する，防止する,5
必然,biran,bìrán,必然的である,5
必需,bixu,bìxū,どうしても必要とする,5
必要,biyao,bìyào,必要とする，必要である,5
编辑,bianji,biānjí,編集する,5
鞭炮,bianpao,biānpào,爆竹,5
便,bian,biàn,便利である，都合がよい,5
辩论,bianlun,biànlùn,議論する，討論する,5
标点,biaodian,biāodiǎn,句読点,5
标志,biaozhi,biāozhì,標識，印,5
表面,biaomian,biǎomiàn,表面,5
表明,biaoming,biǎomíng,明らかにする,5
表情,biaoqing,biǎoqíng,表現,5
表现,biaoxian,biǎoxiàn,表現する，描く,5
病毒,bingdu,bìngdú,ウイルス,5
丙,bing,bǐng,干支,5
玻璃,boli,bōlí,ガラス,5
博物馆,bowuguan,bówùguǎn,博物館,5
脖子,bozi,bózi,首,5
不必,bubi,bùbì,必要はありません,5
不断,buduan,bùduàn,絶えず,5
不见得,bujian de,bùjiàn dé,そうとも限らない,5
不耐烦,bu naifan,bù nàifán,我慢ならない，うんざりす,5
不要紧,buyaojin,bùyàojǐn,差し支えない，構わない,5
补充,buchong,bǔchōng,補充する，補う．,5
布,bu,bù,布,5
不安,bu'an,bù'ān,不安である，心配である,5
不得了,budele,bùdéle,大変である，偉いことである,5
不好意思,bu haoyisi,bù hǎoyìsi,すみません,5
不免,bumian,bùmiǎn,やむをえない,5
不然,buran,bùrán,そうでなければ,5
不如,buru,bùrú,…に及ばない,5
不足,buzu,bùzú,不足,5
部门,bumen,bùmén,部門,5
步骤,buzhou,bùzhòu,段取り，順序,5
财产,caichan,cáichǎn,財産,5
踩,cai,cǎi,踏む,5
采访,caifang,cǎifǎng,取材する,5
采取,caiqu,cǎiqǔ,採取,5
彩虹,caihong,cǎihóng,虹,5
参考,cankao,cānkǎo,参考,5
参与,canyu,cānyù,参加する,5
餐厅,canting,cāntīng,食堂、レストラン,5
残疾,canji,cánjí,身体障害,5
惭愧,cankui,cánkuì,恥ずかしい,5
操场,caochang,cāochǎng,運動場、遊び場,5
操心,caoxin,cāoxīn,心配,5
册,ce,cè,冊子，とじ本．,5
厕所,cesuo,cèsuǒ,トイレ,5
测验,ceyan,cèyàn,検査する，テストする,5
曾经,cengjing,céngjīng,かつて,5
插,cha,chā,挿す，差し込む,5
差别,chabie,chābié,違い、差別,5
叉子,cha zi,chā zi,フォーク,5
拆,chai,chāi,開封する，ほどく,5
产品,chanpin,chǎnpǐn,産物，製品．,5
产生,chansheng,chǎnshēng,生み出す，生ずる,5
长途,changtu,chángtú,長距離,5
常识,changshi,chángshì,常識,5
抄,chao,chāo,書き写す，抜き書きする,5
朝,chao,cháo,向かって,5
朝代,chaodai,cháodài,王朝,5
炒,chao,chǎo,炒める,5
吵架,chaojia,chǎojià,喧嘩をする,5
车库,cheku,chēkù,車庫,5
车厢,chexiang,chēxiāng,車両,5
彻底,chedi,chèdǐ,徹底している,5
沉默,chenmo,chénmò,沈黙する．,5
趁,chen,chèn,…のうちに，…に乗じて,5
称,cheng,chēng,…と呼ぶ．,5
称呼,chenghu,chēnghu,…と呼ぶ．,5
称赞,chengzan,chēngzàn,褒めたたえる,5
乘,cheng,chéng,乗算,5
承担,chengdan,chéngdān,引き受ける，担う,5
承认,chengren,chéngrèn,認める，承認する,5
承受,chengshou,chéngshòu,耐える．,5
程度,chengdu,chéngdù,度,5
程序,chengxu,chéngxù,手順，段取り,5
成分,chengfen,chéngfèn,成分,5
成果,chengguo,chéngguǒ,成果，結果．,5
成就,chengjiu,chéngjiù,成果．,5
成立,chengli,chénglì,成立する,5
成语,chengyu,chéngyǔ,成語、イディオム,5
成长,chengzhang,chéngzhǎng,成長,5
诚恳,chengken,chéngkěn,誠実である,5
吃亏,chikui,chīkuī,損をする,5
持续,chixu,chíxù,持続する．,5
池子,chizi,chízi,池,5
尺子,chizi,chǐzi,物差し，メジャー．,5
翅膀,chibang,chìbǎng,羽，翼,5
冲,chong,chōng,突進する，突き進む,5
充电器,chongdian qi,chōngdiàn qì,充電器,5
充分,chongfen,chōngfèn,充分,5
充满,chongman,chōngmǎn,満ちる,5
重复,chongfu,chóngfù,繰り返す,5
宠物,chongwu,chǒngwù,ペット,5
抽屉,chouti,chōutì,引き出し,5
抽象,chouxiang,chōuxiàng,抽象,5
丑,chou,chǒu,醜い,5
臭,chou,chòu,臭い,5
出版,chuban,chūbǎn,出版,5
出口,chukou,chūkǒu,出口,5
出色,chuse,chūsè,特に優れている,5
出席,chuxi,chūxí,出席する,5
初级,chuji,chūjí,初級の,5
除,chu,chú,除き,5
除非,chufei,chúfēi,…してこそ,5
除夕,chuxi,chúxì,大晦日,5
处理,chuli,chǔlǐ,処理する,5
传播,chuanbo,chuánbò,伝播する，広める,5
传递,chuandi,chuándì,手渡す，伝達する．,5
传染,chuanran,chuánrǎn,移る，伝染する．,5
传说,chuanshuo,chuánshuō,伝説,5
传统,chuantong,chuántǒng,伝統,5
窗帘,chuanglian,chuānglián,窓のカーテン．,5
闯,chuang,chuǎng,突き進む，突進する,5
创造,chuangzao,chuàngzào,作り出す，創造する．,5
吹,chui,chuī,吹く,5
磁带,cidai,cídài,磁気テープ,5
辞职,cizhi,cízhí,辞職,5
此外,ciwai,cǐwài,これ以外に，このほかに,5
次要,ci yao,cì yào,二次的な，副次的な,5
刺激,ciji,cìjī,刺激,5
匆忙,congmang,cōngmáng,慌ただしい,5
从此,congci,cóngcǐ,それ以来、,5
从而,cong'er,cóng'ér,したがって,5
从前,congqian,cóngqián,以前，これまで,5
从事,congshi,cóngshì,…に従事する,5
醋,cu,cù,酢,5
促进,cujin,cùjìn,促進する,5
促使,cushi,cùshǐ,促して…させる,5
催,cui,cuī,催促する．,5
存,cun,cún,預ける,5
存在,cunzai,cúnzài,存在する,5
错误,cuowu,cuòwù,誤っている,5
措施,cuoshi,cuòshī,措置，処置，,5
答应,daying,dāyìng,応答する，返事をする,5
达到,dadao,dádào,達する，到達する,5
打工,dagong,dǎgōng,アルバイトをする．,5
打交道,dajiaodao,dǎjiāodào,つきあう,5
打喷嚏,da penti,dǎ pēntì,くしゃみをする．,5
打听,dating,dǎtīng,尋ねる,5
打招呼,dazhaohu,dǎzhāohū,あいさつする,5
大方,dafang,dàfāng,気前がよい，物惜しみしない,5
大象,da xiang,dà xiàng,象,5
大型,daxing,dàxíng,大規模,5
呆,dai,dāi,ぼうぜんとする,5
贷款,daikuan,dàikuǎn,貸付金，借款,5
待遇,daiyu,dàiyù,待遇,5
单纯,danchun,dānchún,単純である,5
单调,dandiao,dāndiào,単調な,5
单独,dandu,dāndú,一人，単独,5
单位,danwei,dānwèi,単位,5
单元,danyuan,dānyuán,"単元,区画",5
担任,danren,dānrèn,添え受け持つ，担当する,5
耽误,danwu,dānwù,遅延,5
胆小鬼,danxiaogui,dǎnxiǎoguǐ,臆病者，腰抜け,5
淡,dan,dàn,淡い，薄い,5
当代,dangdai,dāngdài,現代，当世,5
挡,dang,dǎng,遮る，防ぐ,5
岛,dao,dǎo,島,5
倒霉,daomei,dǎoméi,運が悪い，ついていない,5
导演,daoyan,dǎoyǎn,演出をする,5
导致,daozhi,dǎozhì,もたらす，招く，引き起こす,5
倒,dao,dào,倒れる,5
到达,daoda,dàodá,到着,5
道德,daode,dàodé,道徳,5
道理,daoli,dàolǐ,道理，理屈,5
登机牌,deng ji pai,dēng jī pái,搭乗券,5
登记,dengji,dēngjì,登録する,5
等待,dengdai,děngdài,待ち望む,5
等候,denghou,děnghòu,待つ,5
等于,dengyu,děngyú,等しい,5
滴,di,dī,滴る,5
的确,dique,díquè,確かに，確実に，間違いなく,5
敌人,diren,dírén,敵,5
递,di,dì,手渡す,5
地道,didao,dìdào,地下道,5
地理,dili,dìlǐ,地理,5
地区,diqu,dìqū,地域,5
地毯,ditan,dìtǎn,じゅうたん，カーペット,5
地位,diwei,dìwèi,地位,5
地震,dizhen,dìzhèn,地震,5
点头,diantou,diǎntóu,うなずく,5
点心,dianxin,diǎnxīn,軽い食事，おやつ,5
电池,dianchi,diànchí,"電池,バッテリー",5
电台,diantai,diàntái,放送局,5
钓,diao,diào,釣る,5
丁,ding,dīng,（配列順序などの）4番め,5
顶,ding,dǐng,頂，頂上，てっぺん,5
冻,dong,dòng,凍る，氷結する,5
洞,dong,dòng,穴，洞穴，洞窟,5
动画片,donghua pian,dònghuà piàn,漫画 ，アニメーション,5
逗,dou,dòu,からかう，いたずらする,5
豆腐,doufu,dòufu,豆腐,5
独立,duli,dúlì,独立,5
独特,dute,dútè,"独特,ユニーク",5
度过,duguo,dùguò,過ごす,5
短信,duanxin,duǎnxìn,"SMS,ショートメッセージ",5
堆,dui,duī,積む，積み上げる,5
对比,duibi,duìbǐ,対照、対比,5
对待,duidai,duìdài,向かい合う，相対する,5
对方,duifang,duìfāng,相手方，相手側,5
对手,duishou,duìshǒu,（競技・試合の）相手,5
对象,duixiang,duìxiàng,対象,5
对于,duiyu,duìyú,…に対して，…について,5
吨,dun,dūn,（重量単位）トン,5
蹲,dun,dūn,しゃがむ，かがみこむ,5
多亏,duokui,duōkuī,～のおかげ,5
多余,duoyu,duōyú,余分な，余った,5
躲藏,duocang,duǒcáng,隠れる，身を隠す,5
恶劣,elie,èliè,極めて悪い，下劣,5
发表,fabiao,fābiǎo,発表する，公表する,5
发愁,fachou,fāchóu,心配する,5
发达,fada,fādá,発達している,5
发抖,fadou,fādǒu,ぶるぶる震える，身震いする,5
发挥,fahui,fāhuī,発揮する,5
发明,faming,fāmíng,発明,5
发票,fapiao,fāpiào,領収書,5
发言,fayan,fāyán,発言,5
罚款,fakuan,fákuǎn,罰金,5
法院,fayuan,fǎyuàn,裁判所,5
翻,fan,fān,ひっくり返る,5
繁荣,fanrong,fánróng,繁栄,5
凡是,fanshi,fánshì,全て,5
反而,fan'er,fǎn'ér,"逆に,却って",5
反复,fanfu,fǎnfù,繰り返す，反復する,5
反应,fanying,fǎnyìng,反応する,5
反正,fanzheng,fǎnzhèng,どうせ、いずれにせよ,5
方,fang,fāng,方向,5
方案,fang'an,fāng'àn,構想,5
方式,fangshi,fāngshì,方式，様式，形式,5
妨碍,fang'ai,fáng'ài,妨げる,5
房东,fangdong,fángdōng,家主,5
仿佛,fangfu,fǎngfú,似かよっている，似ている,5
放松,fangsong,fàngsōng,緩める,5
非,fei,fēi,非，間違い，過,5
肥皂,feizao,féizào,石鹸,5
肺,fei,fèi,肺,5
废话,feihua,fèihuà,むだ話,5
费用,feiyong,fèiyòng,費用，経費，支出,5
分别,fenbie,fēnbié,"別れる,区別する",5
分布,fenbu,fēnbù,分布する,5
分配,fenpei,fēnpèi,分配する，割り当て,5
分析,fenxi,fēnxī,分析する,5
纷纷,fenfen,fēnfēn,入り乱れている,5
奋斗,fendou,fèndòu,奮闘する，頑張る,5
愤怒,fennu,fènnù,"怒り,憤る",5
风格,fengge,fēnggé,風格，品格，品位,5
风俗,fengsu,fēngsú,風俗，風習,5
风险,fengxian,fēngxiǎn,危険，冒険，リスク,5
疯狂,fengkuang,fēngkuáng,狂気,5
讽刺,fengci,fèngcì,当てこする，皮肉,5
否定,fouding,fǒudìng,否定する,5
否认,fouren,fǒurèn,否認する,5
扶,fu,fú,手を貸す，支える,5
幅,fu,fú,幅,5
服从,fucong,fúcóng,服従する，従う,5
服装,fuzhuang,fúzhuāng,衣服，服装,5
辅导,fudao,fǔdǎo,補習する，指導する,5
付款,fukuan,fùkuǎn,支払い,5
妇女,funu,fùnǚ,婦人，女性,5
复制,fuzhi,fùzhì,複製する，コピーする,5
改革,gaige,gǎigé,改革,5
改进,gaijin,gǎijìn,改良する,5
改善,gaishan,gǎishàn,改善する,5
改正,gaizheng,gǎizhèng,正す，改める,5
盖,gai,gài,ふたをする，かぶせる,5
概括,gaikuo,gàikuò,（要点を）まとめる,5
概念,gainian,gàiniàn,概念,5
干脆,gancui,gāncuì,さっぱり，てきぱき,5
感激,ganji,gǎnjī,感激する,5
感受,ganshou,gǎnshòu,受ける，感じる,5
感想,ganxiang,gǎnxiǎng,感想，考え,5
赶紧,ganjin,gǎnjǐn,急いで,5
赶快,gankuai,gǎnkuài,大急ぎで，速やかに,5
干活儿,gan huo er,gàn huó er,仕事をする,5
钢铁,gangtie,gāngtiě,鉄鋼,5
高档,gaodang,gāodàng,高級な，上等の,5
高速公路,gaosu gonglu,gāosù gōnglù,高速道路,5
搞,gao,gǎo,行なう，する，やる,5
告别,gaobie,gàobié,別れる，離れる,5
胳膊,gebo,gēbó,腕,5
鸽子,gezi,gēzi,鳩,5
隔壁,gebi,gébì,隣,5
革命,geming,gémìng,革命,5
格外,gewai,géwài,とりわけ，格別に,5
个别,gebie,gèbié,個別的な，個々の,5
个人,geren,gèrén,個人,5
个性,gexing,gèxìng,個性,5
各自,gezi,gèzì,各自,5
根,gen,gēn,"根,根源,基礎",5
根本,genben,gēnběn,根本，大本,5
更加,gengjia,gèngjiā,よりいっそう，更に一段と,5
公布,gongbu,gōngbù,公布する，公告する,5
公开,gongkai,gōngkāi,公開する,5
公平,gongping,gōngpíng,公平である，公正である,5
公寓,gongyu,gōngyù,アパート,5
公元,gongyuan,gōngyuán,西暦,5
公主,gongzhu,gōngzhǔ,王女,5
工厂,gongchang,gōngchǎng,工場,5
工程师,gongchengshi,gōngchéngshī,技師，エンジニア,5
工人,gongren,gōngrén,労働者,5
工业,gongye,gōngyè,工業,5
功夫,gongfu,gōngfū,"技量,腕前",5
功能,gongneng,gōngnéng,機能,5
贡献,gongxian,gòngxiàn,貢献,5
沟通,goutong,gōutōng,通じる，交流,5
构成,goucheng,gòuchéng,構成する，組み立てる,5
姑姑,gugu,gūgū,おば，おばさん,5
姑娘,guniang,gūniáng,（未婚の）女の子,5
古代,gudai,gǔdài,"大昔,古代",5
古典,gudian,gǔdiǎn,古典的な,5
古老,gulao,gǔlǎo,古い,5
鼓舞,guwu,gǔwǔ,奮い立たせる，激励する,5
股票,gupiao,gǔpiào,株券，株,5
骨头,gutou,gǔtou,骨,5
固定,guding,gùdìng,固定している，定着している,5
固体,guti,gùtǐ,固体,5
雇佣,guyong,gùyōng,雇用する，雇う,5
挂号,guahao,guàhào,登録する,5
乖,guai,guāi,"従順,大人しい",5
拐弯,guaiwan,guǎiwān,角を曲がる，カーブする,5
怪不得,guaibude,guàibùdé,道理で,5
官,guan,guān,役人，官職,5
关闭,guanbi,guānbì,閉じる，閉める,5
关怀,guanhuai,guānhuái,思いやる，心遣いをする,5
观察,guancha,guānchá,詳しく見る，観察する,5
观点,guan dian,guān diǎn,観点,5
观念,guannian,guānniàn,観念，思想,5
管子,guanzi,guǎnzi,パイプ，管,5
冠军,guanjun,guànjūn,優勝者，チャンピオン,5
罐头,guantou,guàntóu,缶詰,5
光滑,guanghua,guānghuá,滑らか，つるつる,5
光临,guanglin,guānglín,ご光来を賜わる,5
光明,guangming,guāngmíng,光明，明るい,5
光盘,guangpan,guāngpán,CD,5
光荣,guangrong,guāngróng,光栄である，名誉である,5
广场,guangchang,guǎngchǎng,広場,5
广大,guangda,guǎngdà,広大である,5
广泛,guangfan,guǎngfàn,広範である,5
规矩,guiju,guījǔ,きまり，習わし，規則,5
规律,guilu,guīlǜ,法則,5
规模,guimo,guīmó,規模，スケール,5
规则,guize,guīzé,規則，ルール,5
柜台,guitai,guìtái,（店鋪の）カウンター,5
滚,gun,gǔn,転がる,5
锅,guo,guō,"鍋,釜",5
国籍,guoji,guójí,国籍,5
国庆节,guoqing jie,guóqìng jié,"国慶節,建国記念日",5
果实,guoshi,guǒshí,果実，果物,5
过分,guofen,guòfèn,行きすぎる，度を超している,5
过敏,guomin,guòmǐn,"過敏,アレルギー",5
过期,guoqi,guòqí,期限切れ,5
哈,ha,hā,（多く‘哈哈’の形で；笑い声）ハッハッ,5
海关,haiguan,hǎiguān,税関,5
海鲜,haixian,hǎixiān,生鮮魚介類,5
喊,han,hǎn,叫ぶ，呼ぶ,5
行业,hangye,hángyè,商業，稼業,5
豪华,haohua,háohuá,"贅沢,華々しい",5
好奇,haoqi,hàoqí,好奇心がある,5
和平,heping,hépíng,平和,5
何必,hebi,hébì,どうして…する必要があろうか,5
何况,hekuang,hékuàng,"ましてや,その上",5
合法,hefa,héfǎ,合法である,5
合理,heli,hélǐ,理にかなっている，合理的である,5
合同,hetong,hétóng,契約,5
合影,heying,héyǐng,一緒に写真を撮る,5
合作,hezuo,hézuò,提携する,5
核心,hexin,héxīn,中心，核心,5
恨,hen,hèn,憎む，嫌う,5
横,heng,héng,横の,5
后果,houguo,hòuguǒ,結果,5
忽视,hushi,hūshì,"軽視する,無視する",5
呼吸,huxi,hūxī,呼吸,5
壶,hu,hú,"ポット,壷",5
蝴蝶,hudie,húdié,蝶,5
胡说,hushuo,húshuō,"でたらめを言う,いい加減なことを言う",5
胡同,hutong,hútòng,"小路,横丁,路地",5
胡须,huxu,húxū,髭,5
糊涂,hutu,hútú,"はっきりしない,めちゃくちゃな",5
花生,huasheng,huāshēng,落花生，ピーナッツ,5
滑冰,huabing,huábīng,アイススケート,5
划船,huachuan,huáchuán,操舟する，漕ぐ,5
华裔,huayi,huáyì,外国に移住している中国人,5
话题,huati,huàtí,話題,5
化学,huaxue,huàxué,化学,5
怀念,huainian,huáiniàn,恋しく思う，懐かしく思う,5
缓解,huanjie,huǎnjiě,"緩和する,和らげる",5
幻想,huanxiang,huànxiǎng,幻想,5
慌张,huangzhang,huāngzhāng,慌てている,5
黄瓜,huanggua,huángguā,胡瓜,5
黄金,huangjin,huángjīn,黄金，金,5
皇帝,huangdi,huángdì,皇帝,5
皇后,huanghou,huánghòu,皇后,5
挥,hui,huī,振るう，振る，振り回す,5
灰,hui,huī,灰,5
灰尘,huichen,huīchén,ちり，ほこり,5
灰心,huixin,huīxīn,"意気消沈する,落胆",5
恢复,huifu,huīfù,回復する,5
汇率,huilu,huìlǜ,為替相場，為替レート,5
婚礼,hunli,hūnlǐ,結婚式，婚礼,5
婚姻,hunyin,hūnyīn,婚姻，結婚,5
活跃,huoyue,huóyuè,活動的である，活発である,5
火柴,huochai,huǒchái,マッチ,5
伙伴,huoban,huǒbàn,仲間，同僚，相棒,5
基本,jiben,jīběn,基本，根本，基礎,5
机器,jiqi,jīqì,"機械,機器",5
激烈,jilie,jīliè,激しい，激烈である,5
肌肉,jirou,jīròu,筋肉,5
及格,jige,jígé,合格する,5
急忙,jimang,jímáng,"急いで,慌ただしい",5
集体,jiti,jítǐ,集団，団体，グループ,5
集中,jizhong,jízhōng,集中する，集める,5
记录,jilu,jìlù,記録,5
记忆,jiyi,jìyì,記憶,5
计算,jisuan,jìsuàn,計算する，算定する,5
系领带,xi lingdai,xì lǐngdài,ネクタイを締める,5
纪录,ji lu,jì lù,記録,5
纪律,jilu,jìlǜ,規律,5
纪念,jinian,jìniàn,記念，思い出,5
寂寞,jimo,jìmò,寂しい,5
家庭,jiating,jiātíng,"家庭,家族",5
家务,jiawu,jiāwù,家事,5
家乡,jiaxiang,jiāxiāng,故郷,5
嘉宾,jiabin,jiābīn,佳賓，嘉賓,5
夹子,jiazi,jiázi,"留め具,クリップ",5
甲,jia,jiǎ,"（配列順序などの）1番,鎧",5
假如,jiaru,jiǎrú,もし…ならば,5
假装,jiazhuang,jiǎzhuāng,装う，ふりをする,5
嫁,jia,jià,嫁に行く，嫁ぐ,5
价值,jiazhi,jiàzhí,価値，値打ち,5
驾驶,jiashi,jiàshǐ,操縦する,5
煎,jian,jiān,焼く，煎る,5
肩膀,jianbang,jiānbǎng,肩,5
坚决,jianjue,jiānjué,"断固としている,強気",5
坚强,jianqiang,jiānqiáng,強固だ，気強い,5
艰巨,jianju,jiānjù,極めて困難である,5
艰苦,jianku,jiānkǔ,困難に満ちる，苦しい，つらい,5
尖锐,jianrui,jiānruì,鋭い,5
捡,jian,jiǎn,拾う,5
简历,jianli,jiǎnlì,略歴,5
简直,jianzhi,jiǎnzhí,全く，ほとんど,5
剪刀,jiandao,jiǎndāo,はさみ,5
健身房,jianshenfang,jiànshēnfáng,"ジム,トレーニングルーム",5
建立,jianli,jiànlì,打ち立てる，設立する，建設する,5
建设,jianshe,jiànshè,建設,5
建议,jianyi,jiànyì,提案,5
建筑,jianzhu,jiànzhú,建築，建造物,5
键盘,jianpan,jiànpán,"鍵盤,キーボード",5
讲究,jiangjiu,jiǎngjiù,"重んじる,凝っている,こだわる",5
讲座,jiangzuo,jiǎngzuò,講座,5
降落,jiangluo,jiàngluò,降下する，着陸する,5
酱油,jiangyou,jiàngyóu,醤油,5
浇,jiao,jiāo,（水や別の液体を上から）かける,5
交换,jiaohuan,jiāohuàn,交換する,5
交际,jiaoji,jiāojì,交際する，つきあう,5
郊区,jiaoqu,jiāoqū,"郊外区域,近郊",5
胶水,jiaoshui,jiāoshuǐ,（接着用の）のり,5
角度,jiaodu,jiǎodù,角度,5
狡猾,jiaohua,jiǎohuá,悪賢い，ずるい,5
教材,jiaocai,jiàocái,教材,5
教练,jiaolian,jiàoliàn,コーチ，トレーナー,5
教训,jiaoxun,jiàoxùn,教訓,5
接触,jiechu,jiēchù,接触する，触れる,5
接待,jiedai,jiēdài,接待する，応待する,5
接近,jiejin,jiējìn,接近する，近づく,5
接着,jiezhe,jiēzhe,"受け止める,引き続き",5
阶段,jieduan,jiēduàn,段階,5
结实,jieshi,jiēshi,丈夫である，しっかりしてい,5
节,jie,jié,"（物の）節,区切り，段落,祝祭日",5
节省,jiesheng,jiéshěng,倹約する，節約する,5
结构,jiegou,jiégòu,構造，構成,5
结合,jiehe,jiéhé,結合する，結びつける,5
结论,jielun,jiélùn,結論,5
结账,jiezhang,jiézhàng,決算する，清算する,5
解放,jiefang,jiěfàng,解放,5
解说员,jieshuo yuan,jiěshuō yuán,"コメンテーター,ナレーター,語り手",5
届,jie,jiè,定期的な会・行事などの回数,5
借口,jiekou,jièkǒu,口実,5
戒烟,jieyan,jièyān,禁煙,5
戒指,jiezhi,jièzhǐ,指輪,5
金属,jinshu,jīnshǔ,金属,5
紧,jin,jǐn,締める，きつくする,5
紧急,jinji,jǐnjí,"緊急,非常",5
谨慎,jinshen,jǐnshèn,慎重である，慎しみ深い，注意深い,5
进步,jinbu,jìnbù,進歩する,5
进口,jinkou,jìnkǒu,インポート,5
近代,jindai,jìndài,近代,5
尽力,jinli,jìnlì,"全力を尽くす,目一杯",5
尽量,jinliang,jǐnliàng,できるだけ，なるべく，極力,5
精力,jingli,jīnglì,精力,5
经典,jingdian,jīngdiǎn,経典，聖典,5
经营,jingying,jīngyíng,経営する,5
景色,jingse,jǐngsè,景色，風景,5
敬爱,jing'ai,jìng'ài,敬愛する,5
酒吧,jiuba,jiǔbā,"バー,飲み屋",5
救,jiu,jiù,"救う,救助，救援",5
救护车,jiuhu che,jiùhù chē,救急車,5
舅舅,jiujiu,jiùjiu,母方のおじ,5
居然,juran,jūrán,意外にも，なんと，よくも,5
桔子,juzi,júzi,ミカン,5
举,ju,jǔ,差し上げる，持ち上げる,5
具备,jubei,jùbèi,備える，具備する，そろえる,5
具体,juti,jùtǐ,具体的である,5
巨大,juda,jùdà,"極めて大きい,莫大",5
聚会,juhui,jùhuì,"集まる,会合",5
俱乐部,julebu,jùlèbù,クラブ,5
据说,jushuo,jùshuō,（聞くところによると）…だそうだ,5
捐,juan,juān,寄付する,5
卷,juan,juǎn,"巻く,巻き込む",5
决赛,juesai,juésài,決勝戦,5
决心,juexin,juéxīn,決心，決意,5
绝对,juedui,juéduì,絶対的な,5
角色,juese,juésè,"役柄,役割",5
军事,junshi,jūnshì,軍事,5
均匀,junyun,jūnyún,むらがない，均等である，平均化されている,5
卡车,kache,kǎchē,トラック,5
开发,kaifa,kāifā,開発する,5
开放,kaifang,kāifàng,咲く，開く,5
开幕式,kaimu shi,kāimù shì,開会式,5
开心,kaixin,kāixīn,愉快である，楽しい，うれしい,5
砍,kan,kǎn,たたき切る，打ちきる,5
看不起,kanbuqi,kànbùqǐ,軽く見る，軽べつする，さげすむ,5
看来,kan lai,kàn lái,見たところ，思うに,5
抗议,kangyi,kàngyì,抗議する,5
烤鸭,kaoya,kǎoyā,アヒルの丸焼き（北京烤鸭＝北京ダック）,5
颗,ke,kē,個，粒,5
可见,kejian,kějiàn,してみると…ということがわかる，…と知ることができる,5
可靠,kekao,kěkào,信頼できる，頼りになる,5
可怕,kepa,kěpà,恐ろしい，怖い,5
课程,kecheng,kèchéng,課程,5
克,ke,kè,（重量単位）グラム,5
克服,kefu,kèfú,克服する,5
刻苦,keku,kèkǔ,よく苦しみに耐える，骨身を惜しまない,5
客观,keguan,kèguān,客観,5
客厅,keting,kètīng,応接間，客間,5
空间,kongjian,kōngjiān,空間，宇宙,5
恐怖,kongbu,kǒngbù,"恐怖,恐ろしい",5
空闲,kongxian,kòngxián,手がすく，暇になる,5
控制,kongzhi,kòngzhì,支配する，制圧する，コントロールする,5
口味,kouwei,kǒuwèi,"味,好み",5
夸,kua,kuā,"誇張する,褒める",5
会计,kuaiji,kuàijì,会計,5
矿泉水,kuangquan shui,kuàngquán shuǐ,ミネラルウォーター,5
辣椒,lajiao,làjiāo,唐辛子,5
蜡烛,lazhu,làzhú,ロウソク,5
来自,laizi,láizì,…から来る,5
拦,lan,lán,（道を）ふさぐ,5
烂,lan,làn,"腐っている,ただれ,軟らかい",5
狼,lang,láng,狼,5
劳动,laodong,láodòng,労働する，働く,5
劳驾,laojia,láojià,ご足労をかける,5
老百姓,laobaixing,lǎobǎixìng,庶民，民衆，一般人,5
老板,laoban,lǎobǎn,店主，経営者,5
老实,laoshi,lǎoshí,まじめである，正直である，誠実である,5
老鼠,laoshu,lǎoshǔ,ネズミ,5
姥姥,laolao,lǎolao,母方の祖母,5
乐观,leguan,lèguān,楽観的である,5
雷,lei,léi,雷,5
类,lei,lèi,種類，たぐい,5
梨,li,lí,梨,5
离婚,lihun,líhūn,離婚,5
厘米,limi,límǐ,（長さの単位）センチメートル,5
礼拜天,libai tian,lǐbài tiān,日曜日,5
理论,lilun,lǐlùn,理論,5
理由,liyou,lǐyóu,理由,5
粒,li,lì,穀物,5
立方,lifang,lìfāng,立方，3乗,5
立即,liji,lìjí,直ちに，即座に，すぐに,5
立刻,like,lìkè,直ちに，即座に，すぐに,5
力量,liliang,lìliàng,力，体力，エネルギー,5
利润,lirun,lìrùn,"利潤,利益,儲け",5
利息,lixi,lìxí,"利息,利子",5
利益,liyi,lìyì,利益,5
利用,liyong,lìyòng,利用する,5
连忙,lianmang,liánmáng,急いで,5
连续剧,lianxuju,liánxùjù,"連続ドラマ,シリーズ",5
联合,lianhe,liánhé,連合する，団結する,5
恋爱,lian'ai,liàn'ài,恋愛する，恋,5
良好,lianghao,liánghǎo,良好,5
粮食,liangshi,liángshí,穀物，食糧，主食,5
了不起,liaobuqi,liǎobùqǐ,"素晴らしい,立派，大したものである",5
临时,linshi,línshí,短期的な，臨時の，一時的な,5
铃,ling,líng,"鈴,ベル",5
零件,lingjian,língjiàn,部品，パーツ,5
零钱,lingqian,língqián,小銭,5
零食,lingshi,língshí,"間食,スナック",5
灵活,linghuo,línghuó,"柔軟,機敏である,融通",5
领导,lingdao,lǐngdǎo,指導者，リーダー,5
领域,lingyu,lǐngyù,区域，領域,5
流传,liuchuan,liúchuán,（事跡・物語・作品・歌曲などが）伝播する，流布する，広く伝わる,5
浏览,liulan,liúlǎn,ざっと目を通す，さっと見渡す,5
龙,long,lóng,"竜,ドラゴン",5
漏,lou,lòu,漏る，漏れる,5
露,lu,lù,外に出る，人の目に触れる，現われ出る,5
陆地,ludi,lùdì,陸，陸地,5
陆续,luxu,lùxù,次々と，続々と,5
录取,luqu,lùqǔ,採用する,5
录音,lu yin,lù yīn,録音，録音したもの,5
轮流,lunliu,lúnliú,"順番に,順々に,代わる代わる",5
论文,lunwen,lùnwén,論文,5
逻辑,luoji,luójí,"論理,ロジック",5
落后,luohou,luòhòu,後れる，後になる，落伍する,5
骂,ma,mà,ののしる，悪口を言う,5
麦克风,maikefeng,màikèfēng,"マイクロフォン,マイク",5
馒头,mantou,mántou,（餡が入っていない小麦粉で作った中国風蒸しパン）マントー,5
满足,manzu,mǎnzú,満足する,5
毛,mao,máo,髪の毛，（獣の）毛，（鳥の）羽毛,5
毛病,mao bing,máo bìng,"悪習，悪い癖,故障",5
矛盾,maodun,máodùn,矛盾,5
冒险,maoxian,màoxiǎn,危険を冒す，冒険する,5
贸易,maoyi,màoyì,貿易，交易，取引，通商,5
眉毛,meimao,méimáo,"眉毛,眉",5
煤炭,meitan,méitàn,石炭,5
美术,meishu,měishù,美術,5
魅力,meili,mèilì,魅力,5
迷路,milu,mílù,"道に迷う, ((生理)) 内耳",5
谜语,miyu,míyǔ,なぞなぞ,5
蜜蜂,mifeng,mìfēng,ミツバチ,5
密切,miqie,mìqiè,（人間・事物の関係・協力などが）密接である,5
秘密,mimi,mìmì,秘密,5
秘书,mishu,mìshū,秘書,5
棉花,mianhua,miánhuā,棉花，棉,5
面对,mian dui,miàn duì,向かい合う，面と向かう,5
面积,mianji,miànjī,面積,5
面临,mianlin,miànlín,"面する，臨む,直面する",5
苗条,miaotiao,miáotiáo,すらりとしている，スリムである,5
描写,miaoxie,miáoxiě,描写する,5
秒,miao,miǎo,秒,5
民主,minzhu,mínzhǔ,"民主,民主主義",5
明确,mingque,míngquè,明確である,5
明显,mingxian,míngxiǎn,明らかである，はっきりしている，顕著である,5
明信片,mingxinpian,míngxìnpiàn,"郵便はがき,はがき",5
明星,mingxing,míngxīng,スター，花形,5
名牌,mingpai,míngpái,名の通った商標，有名ブランド,5
名片,mingpian,míngpiàn,名刺,5
名胜古迹,mingsheng guji,míngshèng gǔjī,名跡,5
命令,mingling,mìnglìng,命令する，命じる,5
命运,mingyun,mìngyùn,運命，定め,5
摸,mo,mō,"触る，なでる,探る",5
模仿,mofang,mófǎng,模倣する，まねる,5
模糊,mohu,móhú,ぼんやりしている，はっきりしない,5
摩托车,motuo che,mótuō chē,"オートバイ,バイク",5
陌生,mosheng,mòshēng,よく知らない，見知らぬ,5
某,mou,mǒu,某，ある,5
目标,mubiao,mùbiāo,目標,5
目录,mulu,mùlù,目録，カタログ,5
目前,muqian,mùqián,目下，現在,5
木头,mutou,mùtou,丸太，木,5
哪怕,napa,nǎpà,たとえ…であっても,5
难怪,nanguai,nánguài,なるほど，道理で,5
难看,nankan,nánkàn,醜い，不格好である,5
脑袋,naodai,nǎodai,頭部，頭,5
内科,neike,nèikē,内科,5
嫩,nen,nèn,若い，柔らかい,5
能干,nenggan,nénggàn,仕事がよくできる，敏腕,5
能源,nengyuan,néngyuán,エネルギー源,5
年代,niandai,niándài,"時代,年代",5
年纪,nian ji,nián jì,年，年齢,5
念,nian,niàn,"思う，気にかける，懐かしく思う,読む",5
宁可,ningke,nìngkě,むしろ（…する），（…するよりは）むしろ（…した方がよい）,5
牛仔裤,niuzaiku,niúzǎikù,ジーンズ，ジーパン,5
浓,nong,nóng,濃い,5
农民,nongmin,nóngmín,"農民,百姓",5
农业,nongye,nóngyè,農業,5
女士,nushi,nǚshì,(女性に対する一般的な敬称)女史,5
偶然,ouran,ǒurán,"偶然である,たまたま",5
拍,pai,pāi,たたく，打つ,5
排队,paidui,páiduì,列に並ぶ，列を作る，順番を待つ,5
排球,paiqiu,páiqiú,バレーボール,5
派,pai,pài,"派,派閥",5
盼望,panwang,pànwàng,待ち望む，待ち焦がれる，切に望む,5
赔偿,peichang,péicháng,弁償する，賠賞する,5
培养,peiyang,péiyǎng,培養する，育てる,5
佩服,peifu,pèifú,感心する,5
配合,peihe,pèihé,協力する,5
盆,pen,pén,鉢,5
碰见,pengjian,pèngjiàn,出会う,5
披,pi,pī,羽織る,5
批,pi,pī,ひっぱたく,5
批准,pizhun,pīzhǔn,承認する,5
皮鞋,pixie,píxié,革靴,5
疲劳,pilao,píláo,疲労,5
匹,pi,pǐ,匹敵する,5
片,pian,piàn,カード状のもの,5
片面,pianmian,piànmiàn,一方的な,5
飘,piao,piāo,はためく,5
频道,pindao,píndào,チャンネル,5
品种,pinzhong,pǐnzhǒng,品種,5
凭,ping,píng,寄りかかる,5
平,ping,píng,平らである,5
平常,pingchang,píngcháng,普通である,5
平等,pingdeng,píngděng,平等,5
平方,pingfang,píngfāng,平方，2乗,5
平衡,pingheng,pínghéng,釣り合っている,5
平静,pingjing,píngjìng,平静,5
平均,pingjun,píngjūn,平均する,5
评价,pingjia,píngjià,評価する,5
破产,pochan,pòchǎn,破産する,5
破坏,pohuai,pòhuài,破壊する,5
迫切,poqie,pòqiè,差迫る,5
朴素,pusu,púsù,素朴,5
期待,qidai,qídài,期待する,5
期间,qijian,qíjiān,期間,5
其余,qiyu,qíyú,残りの,5
奇迹,qiji,qíjī,奇跡,5
启发,qifa,qǐfā,啓発する,5
企图,qitu,qìtú,企てる,5
企业,qiye,qǐyè,ビジネス,5
气氛,qifen,qìfēn,雰囲気,5
汽油,qiyou,qìyóu,ガソリン,5
牵,qian,qiān,（人・家畜を）引く，引っ張る,5
谦虚,qianxu,qiānxū,謙虚である,5
签字,qianzi,qiānzì,署名,5
前途,qiantu,qiántú,前途,5
浅,qian,qiǎn,浅い,5
欠,qian,qiàn,あくび,5
枪,qiang,qiāng,銃,5
强调,qiangdiao,qiángdiào,強調する,5
强烈,qianglie,qiángliè,強烈である,5
抢,qiang,qiǎng,奪い取る,5
悄悄,qiaoqiao,qiāoqiāo,声を立てずに,5
瞧,qiao,qiáo,見る,5
巧妙,qiaomiao,qiǎomiào,巧妙である,5
切,qie,qiè,切る,5
亲爱,qin'ai,qīn'ài,親愛なる,5
亲切,qinqie,qīnqiè,親しみ深い,5
亲自,qinzi,qīnzì,自ら,5
侵略,qinlve,qīnlüè,侵略する,5
勤奋,qinfen,qínfèn,張り切って精を出している,5
勤劳,qinlao,qínláo,勤勉でよく働く,5
青,qing,qīng,青い,5
青少年,qingshaonian,qīngshàonián,青少年,5
轻视,qingshi,qīngshì,軽視する,5
青春,qingchun,qīngchūn,青春,5
清淡,qingdan,qīngdàn,淡白である,5
情景,qingjing,qíngjǐng,情景,5
情绪,qingxu,qíngxù,意欲,5
请求,qingqiu,qǐngqiú,要望,5
庆祝,qingzhu,qìngzhù,祝う,5
球迷,qiumi,qiúmí,球技ファン,5
趋势,qushi,qūshì,動向,5
娶,qu,qǔ,（嫁を）もらう,5
取消,quxiao,qǔxiāo,取り消す,5
去世,qushi,qùshì,死去する,5
圈,quan,quān,（家畜を）囲いの中に入れる,5
全面,quanmian,quánmiàn,全面的である,5
权力,quanli,quánlì,権力,5
权利,quanli,quánlì,権利,5
劝,quan,quàn,勧告する,5
缺乏,quefa,quēfá,欠乏する,5
确定,queding,quèdìng,確定した,5
确认,queren,quèrèn,確認する,5
燃烧,ranshao,ránshāo,燃焼する,5
嚷,rang,rǎng,大声で叫ぶ,5
绕,rao,rào,巻く,5
热爱,re'ai,rè'ài,熱愛する,5
热烈,relie,rèliè,熱烈である,5
热心,rexin,rèxīn,熱心である,5
人才,rencai,réncái,人材,5
人口,renkou,rénkǒu,人口,5
人类,renlei,rénlèi,人類,5
人生,rensheng,rénshēng,人生,5
人事,renshi,rénshì,世間の出来事,5
人物,renwu,rénwù,人物,5
人员,renyuan,rényuán,人員,5
忍不住,ren bu zhu,rěn bù zhù,耐えられない,5
日常,richang,rìcháng,日常,5
日程,richeng,rìchéng,日程,5
日历,rili,rìlì,"日めくり,カレンダー",5
日期,riqi,rìqí,期日,5
日用品,riyongpin,rìyòngpǐn,日用品,5
融化,ronghua,rónghuà,解ける,5
荣幸,rongxing,róngxìng,光栄である,5
荣誉,rongyu,róngyù,栄誉,5
如何,ruhe,rúhé,どのように,5
如今,rujin,rújīn,今ごろ，現在,5
软件,ruanjian,ruǎnjiàn,ソフトウェア,5
弱,ruo,ruò,弱い,5
洒,sa,sǎ,（液体を）まく,5
嗓子,sangzi,sǎngzi,"喉,声",5
杀,sha,shā,殺す,5
沙漠,shamo,shāmò,砂漠,5
沙滩,shatan,shātān,砂浜,5
傻,sha,shǎ,愚かな,5
晒,shai,shài,（太陽が）照りつける,5
删除,shanchu,shānchú,削除する,5
闪电,shandian,shǎndiàn,稲妻,5
善良,shanliang,shànliáng,善良である,5
善于,shanyu,shànyú,…に優れている,5
扇子,shanzi,shànzi,扇子,5
商品,shangpin,shāngpǐn,商品,5
商业,shangye,shāngyè,商業,5
上当,shangdang,shàngdàng,だまされる,5
勺子,shaozi,sháozi,しゃくし,5
蛇,she,shé,蛇,5
舌头,shetou,shétou,舌,5
舍不得,shebude,shěbudé,別れるのがつらい,5
设备,shebei,shèbèi,設備,5
设计,sheji,shèjì,設計する,5
设施,sheshi,shèshī,施設,5
射击,sheji,shèjí,射撃,5
摄影,sheying,shèyǐng,写真を撮る,5
伸,shen,shēn,伸ばす,5
深刻,shenke,shēnkè,深い,5
身材,shencai,shēncái,体格,5
身份,shenfen,shēnfèn,身分,5
神话,shenhua,shénhuà,神話,5
神经,shenjing,shénjīng,神経,5
神秘,shenmi,shénmì,神秘的である,5
升,sheng,shēng,上がる,5
生产,shengchan,shēngchǎn,お産をする,5
生动,shengdong,shēngdòng,生き生きしている,5
声调,shengdiao,shēngdiào,（言葉・朗読の）調子,5
绳子,shengzi,shéngzi,縄,5
省略,shenglve,shěnglüè,省略する,5
胜利,shengli,shènglì,勝利する,5
诗,shi,shī,詩,5
失眠,shimian,shīmián,不眠になる,5
失去,shiqu,shīqù,失う,5
失业,shiye,shīyè,失業する,5
时代,shidai,shídài,時代,5
时刻,shike,shíkè,時間,5
时髦,shimao,shímáo,モダンである,5
时期,shiqi,shíqí,時期,5
时尚,shishang,shíshàng,時代の流行,5
实话,shihua,shíhuà,本当の話,5
实践,shijian,shíjiàn,実践する,5
实习,shixi,shíxí,実習,5
实现,shixian,shíxiàn,実現する,5
实行,shixing,shíxíng,実行する,5
实验,shiyan,shíyàn,実験,5
实用,shiyong,shíyòng,実際に用いる,5
食物,shiwu,shíwù,食物,5
石头,shitou,shítou,石,5
使劲儿,shijin er,shǐjìn er,力を入れる,5
始终,shizhong,shǐzhōng,初めから終わりまでの全部,5
是否,shifou,shìfǒu,…であるかどうか,5
试卷,shijuan,shìjuàn,答案用紙,5
士兵,shibing,shìbīng,兵士,5
似的,shi de,shì de,…のようである,5
事实,shishi,shìshí,事実,5
事物,shiwu,shìwù,事物,5
事先,shixian,shìxiān,事前,5
收获,shouhuo,shōuhuò,収穫する,5
收据,shouju,shōujù,領収書,5
手工,shougong,shǒugōng,手仕事,5
手术,shoushu,shǒushù,手術,5
手套,shoutao,shǒutào,手袋,5
手续,shouxu,shǒuxù,手続き,5
手指,shouzhi,shǒuzhǐ,手の指,5
受伤,shoushang,shòushāng,負傷する,5
寿命,shouming,shòumìng,寿命,5
书架,shujia,shūjià,本棚,5
输入,shuru,shūrù,"送り込む,輸入",5
蔬菜,shucai,shūcài,野菜,5
舒适,shushi,shūshì,心地よい,5
梳子,shuzi,shūzi,（髪・ひげをすく）くし,5
熟练,shulian,shúliàn,熟練している,5
鼠标,shubiao,shǔbiāo,（コンピューターの）マウス,5
属于,shuyu,shǔyú,…に属する,5
数据,shuju,shùjù,データ,5
数码,shuma,shùmǎ,数字,5
摔,shuai,shuāi,転ぶ,5
甩,shuai,shuǎi,勢いよく振る,5
双方,shuangfang,shuāngfāng,双方,5
税,shui,shuì,税金,5
说不定,shuo bu ding,shuō bu dìng,（見当がつかず）はっきりと言えない,5
说服,shuofu,shuōfú,説得する,5
撕,si,sī,裂く,5
丝绸,sichou,sīchóu,絹織物,5
丝毫,sihao,sīháo,極めて小さい,5
思考,sikao,sīkǎo,深く考える,5
思想,sixiang,sīxiǎng,思想,5
私人,siren,sīrén,個人,5
似乎,sihu,sìhū,まるで…のようだ,5
寺庙,simiao,sìmiào,寺院,5
宿舍,sushe,sùshè,宿舎,5
随时,suishi,suíshí,常に,5
碎,sui,suì,砕ける,5
损失,sunshi,sǔnshī,損失を出す,5
缩短,suoduan,suōduǎn,短縮する,5
缩小,suoxiao,suōxiǎo,縮小する,5
锁,suo,suǒ,錠,5
所,suo,suǒ,ところ，場所,5
所谓,suowei,suǒwèi,いうところの，いわゆる,5
塔,ta,tǎ,塔,5
台阶,taijie,táijiē,階段,5
太极拳,taiji quan,tàijí quán,太極拳,5
太太,taitai,tàitài,奥様,5
谈判,tanpan,tánpàn,交渉する,5
坦率,tanshuai,tǎnshuài,率直である,5
烫,tang,tàng,(やけどするほど)熱い,5
桃,tao,táo,桃,5
逃,tao,táo,逃げる,5
逃避,taobi,táobì,逃げる,5
套,tao,tào,"カバー,覆い",5
特殊,teshu,tèshū,特殊である,5
特意,teyi,tèyì,"わざわざ,特に",5
特征,tezheng,tèzhēng,特徴,5
疼爱,teng'ai,téng'ài,かわいがる,5
提,ti,tí,提げる,5
提倡,tichang,tíchàng,提唱する,5
提纲,tigang,tígāng,内容の要点,5
提问,tiwen,tíwèn,質問,5
题目,timu,tímù,題目,5
体会,tihui,tǐhuì,体得する,5
体积,tiji,tǐjī,体積,5
体贴,titie,tǐtiē,思いやる,5
体现,tixian,tǐxiàn,体現する,5
体验,tiyan,tǐyàn,体験する,5
天空,tiankong,tiānkōng,空,5
天真,tianzhen,tiānzhēn,無邪気である,5
田野,tianye,tiányě,田野,5
调皮,tiaopi,tiáopí,いたずらである,5
调整,tiaozheng,tiáozhěng,調整する,5
挑战,tiaozhan,tiǎozhàn,挑戦する,5
通常,tongchang,tōngcháng,普通の,5
通讯,tongxun,tōngxùn,通信する,5
铜,tong,tóng,銅,5
同时,tongshi,tóngshí,同時,5
统一,tongyi,tǒngyī,統一する,5
统治,tongzhi,tǒngzhì,統治する,5
痛苦,tongku,tòngkǔ,苦痛である,5
痛快,tongkuai,tòngkuài,愉快である,5
投资,touzi,tóuzī,投資,5
透明,touming,tòumíng,透明,5
突出,tuchu,túchū,際立たせる,5
土地,tudi,tǔdì,土地,5
土豆,tudou,tǔdòu,ジャガイモ,5
吐,tu,tǔ,吐く,5
兔子,tuzi,tùzǐ,ウサギ,5
团,tuan,tuán,丸い,5
推辞,tuici,tuīcí,断わる,5
推广,tuiguang,tuīguǎng,推し広める,5
推荐,tuijian,tuījiàn,推薦する,5
退,tui,tuì,退く,5
退步,tuibu,tuìbù,退歩する,5
退休,tuixiu,tuìxiū,退職する,5
歪,wai,wāi,ゆがんでいる,5
外交,waijiao,wàijiāo,外交,5
弯,wan,wān,曲がっている,5
完美,wanmei,wánměi,非の打ちどころがない,5
完善,wanshan,wánshàn,完備して優れている,5
完整,wanzheng,wánzhěng,すべて整っている,5
玩具,wanju,wánjù,おもちゃ,5
万一,wan yi,wàn yī,万一,5
王子,wangzi,wángzǐ,王子,5
往返,wangfan,wǎngfǎn,往復する,5
危害,weihai,wéihài,危険に陥れる,5
微笑,weixiao,wéixiào,微笑する,5
威胁,weixie,wēixié,威嚇する,5
违反,weifan,wéifǎn,違反する,5
维护,weihu,wéihù,擁護する,5
围巾,weijin,wéijīn,マフラー,5
围绕,weirao,wéirào,巡る,5
唯一,weiyi,wéiyī,唯一,5
尾巴,weiba,wěibā,しっぽ,5
伟大,weida,wěidà,偉大である,5
委屈,weiqu,wěiqu,悔しい,5
委托,weituo,wěituō,委託する,5
胃,wei,wèi,胃,5
位置,weizhi,wèizhì,位置,5
未必,weibi,wèibì,…であるとは限らない,5
未来,weilai,wèilái,未来,5
卫生间,weishengjian,wèishēngjiān,（総称的に）トイレやバスルーム，洗面所,5
温暖,wennuan,wēnnuǎn,暖かい,5
温柔,wen rou,wēn róu,穏やかである,5
闻,wen,wén,（においを）かぐ,5
文件,wenjian,wénjiàn,文書,5
文具,wenju,wénjù,文房具,5
文明,wenming,wénmíng,文明,5
文学,wenxue,wénxué,文学,5
吻,wen,wěn,キス,5
稳定,wending,wěndìng,安定している,5
问候,wenhou,wènhòu,ご機嫌を伺う,5
卧室,woshi,wòshì,寝室,5
屋子,wuzi,wūzi,部屋,5
无奈,wunai,wúnài,致し方ない,5
无数,wushu,wúshù,無数,5
武器,wuqi,wǔqì,武器,5
武术,wushu,wǔshù,武術,5
雾,wu,wù,霧,5
物理,wuli,wùlǐ,物理,5
物质,wuzhi,wùzhí,物質,5
吸收,xishou,xīshōu,吸収する,5
系,xi,xì,結ぶ,5
系统,xitong,xìtǒng,システム,5
细节,xijie,xìjié,細部,5
戏剧,xiju,xìjù,演劇,5
瞎,xia,xiā,盲目,5
吓,xia,xià,脅かす,5
下载,xiazai,xiàzài,ダウンロード,5
鲜艳,xianyan,xiānyàn,美しく鮮やかである,5
显得,xiande,xiǎndé,…のように見える,5
显然,xianran,xiǎnrán,明らかである,5
显示,xianshi,xiǎnshì,はっきりと示す,5
县,xian,xiàn,県,5
现金,xianjin,xiànjīn,現金,5
现实,xianshi,xiànshí,現実,5
现象,xianxiang,xiànxiàng,現象,5
相处,xiangchu,xiāngchǔ,生活・仕事を共にする,5
相当,xiangdang,xiāngdāng,相当する,5
相对,xiangdui,xiāngduì,向かい合っている,5
相关,xiangguan,xiāngguān,関連している,5
相似,xiangsi,xiāngsì,互いによく似ている,5
想念,xiangnian,xiǎngniàn,懐かしがる,5
想象,xiangxiang,xiǎngxiàng,想像,5
享受,xiangshou,xiǎngshòu,享受する,5
项,xiang,xiàng,うなじ,5
项链,xianglian,xiàngliàn,ネックレス,5
项目,xiangmu,xiàngmù,項目,5
橡皮,xiangpi,xiàngpí,ゴム,5
象棋,xiangqi,xiàngqí,中国将棋,5
象征,xiangzheng,xiàngzhēng,象徴する,5
消费,xiaofei,xiāofèi,消費する,5
消化,xiaohua,xiāohuà,消化する,5
消灭,xiaomie,xiāomiè,消滅する,5
消失,xiaoshi,xiāoshī,消失する,5
销售,xiaoshou,xiāoshòu,販売する,5
小吃,xiaochi,xiǎochī,手軽な料理,5
小伙子,xiaohuozi,xiǎohuǒzi,若い男子,5
小麦,xiaomai,xiǎomài,小麦,5
小气,xiaoqi,xiǎoqì,けちである,5
小偷,xiaotou,xiǎotōu,盗人,5
效率,xiaolu,xiàolǜ,効率,5
孝顺,xiaoshun,xiàoshùn,孝行する,5
歇,xie,xiē,休む,5
斜,xie,xié,斜めである,5
协调,xietiao,xiétiáo,調整する,5
心理,xinli,xīnlǐ,心理,5
心脏,xinzang,xīnzàng,心臓,5
欣赏,xinshang,xīnshǎng,鑑賞する,5
信封,xinfeng,xìnfēng,封筒,5
信号,xinhao,xìnhào,信号,5
信息,xinxi,xìnxī,消息,5
行动,xingdong,xíngdòng,動く,5
行人,xingren,xíngrén,通行人,5
行为,xingwei,xíngwéi,行為,5
形成,xingcheng,xíngchéng,形成する,5
形容,xingrong,xíngróng,"容貌,形容する",5
形式,xingshi,xíngshì,形式,5
形势,xingshi,xíngshì,"情勢,形勢",5
形象,xingxiang,xíngxiàng,イメージ,5
形状,xingzhuang,xíngzhuàng,形状,5
性质,xingzhi,xìngzhì,性質,5
幸亏,xingkui,xìngkuī,幸いにも,5
幸运,xingyun,xìngyùn,幸運,5
胸,xiong,xiōng,胸,5
兄弟,xiongdi,xiōngdì,兄弟,5
雄伟,xiongwei,xióngwěi,雄大である,5
修改,xiugai,xiūgǎi,改正する,5
休闲,xiuxian,xiūxián,"（土地を）遊ばせておく,余暇",5
虚心,xuxin,xūxīn,謙虚である,5
叙述,xushu,xùshù,記したり述べたりする,5
宣布,xuanbu,xuānbù,宣言する,5
宣传,xuanchuan,xuānchuán,宣伝する,5
选举,xuanju,xuǎnjǔ,選挙する,5
学期,xueqi,xuéqí,学期,5
学术,xueshu,xuéshù,学術,5
学问,xuewen,xuéwèn,学問,5
询问,xunwen,xúnwèn,質問する,5
寻找,xunzhao,xúnzhǎo,探す,5
训练,xunlian,xùnliàn,訓練する,5
迅速,xunsu,xùnsù,迅速である,5
延长,yanchang,yáncháng,延ばす,5
严肃,yansu,yánsù,厳粛である,5
宴会,yanhui,yànhuì,宴会,5
阳台,yangtai,yángtái,ベランダ,5
痒,yang,yǎng,かゆい,5
样式,yangshi,yàngshì,様式,5
腰,yao,yāo,腰,5
摇,yao,yáo,揺れる,5
咬,yao,yǎo,噛む,5
要不,yao bu,yào bù,さもなければ,5
要是,yao shi,yào shi,もし…なら,5
夜,ye,yè,夜,5
液体,yeti,yètǐ,液体,5
业务,yewu,yèwù,業務,5
业余,yeyu,yèyú,余暇の,5
依然,yiran,yīrán,依然としている,5
一辈子,yibeizi,yībèizi,生涯,5
一旦,yidan,yīdàn,一旦,5
一路平安,yilu ping'an,yīlù píng'ān,お気をつけて,5
一致,yizhi,yīzhì,一致している,5
移动,yidong,yídòng,移動する,5
移民,yimin,yímín,移民,5
遗憾,yihan,yíhàn,遺憾である,5
疑问,yiwen,yíwèn,疑問,5
乙,yi,yǐ,（配列順序の）2番め,5
以及,yiji,yǐjí,および,5
以来,yilai,yǐlái,…（して）以来,5
意外,yiwai,yìwài,意外である,5
意义,yiyi,yìyì,意味,5
议论,yilun,yìlùn,議論する,5
义务,yiwu,yìwù,義務,5
因而,yin'er,yīn'ér,それによって，従って,5
因素,yinsu,yīnsù,要素,5
银,yin,yín,銀,5
英俊,yingjun,yīngjùn,"才能がすぐれている,ハンサム",5
英雄,yingxiong,yīngxióng,英雄,5
迎接,yingjie,yíngjiē,出迎える,5
营养,yingyang,yíngyǎng,栄養,5
营业,yingye,yíngyè,営業する,5
影子,yingzi,yǐngzi,影,5
硬币,yingbi,yìngbì,硬貨,5
硬件,yingjian,yìngjiàn,ハードウェア,5
应付,yingfu,yìngfù,対処する,5
应聘,yingpin,yìngpìn,招聘に応じる,5
应用,yingyong,yìngyòng,使用する,5
拥抱,yongbao,yǒngbào,抱擁する,5
拥挤,yongji,yǒngjǐ,押し合う,5
勇气,yongqi,yǒngqì,勇気,5
用途,yongtu,yòngtú,用途,5
优惠,youhui,yōuhuì,特恵の,5
优美,youmei,yōuměi,美しい,5
优势,youshi,yōushì,優勢,5
悠久,youjiu,yōujiǔ,悠久である,5
邮局,youju,yóujú,郵便局,5
游览,youlan,yóulǎn,遊覧する,5
犹豫,youyu,yóuyù,ためらう,5
油炸,you zha,yóu zhá,油で揚げる,5
有利,youli,yǒulì,有利である,5
幼儿园,you'eryuan,yòu'éryuán,幼稚園,5
娱乐,yule,yúlè,娯楽,5
与其,yuqi,yǔqí,…する（である）よりは,5
语气,yuqi,yǔqì,話しぶり,5
宇宙,yuzhou,yǔzhòu,宇宙,5
预报,yubao,yùbào,予報する,5
预订,yuding,yùdìng,予約する,5
预防,yufang,yùfáng,予防する,5
玉米,yumi,yùmǐ,トウモロコシ,5
元旦,yuandan,yuándàn,元旦,5
缘故,yuangu,yuángù,"原因,わけ",5
原料,yuanliao,yuánliào,原料,5
原则,yuanze,yuánzé,原則,5
愿望,yuanwang,yuànwàng,願い,5
晕,yun,yūn,目がくらむ,5
运气,yunqi,yùnqì,運,5
运输,yunshu,yùnshū,輸送する,5
运用,yunyong,yùnyòng,運用する,5
灾害,zaihai,zāihài,災害,5
再三,zaisan,zàisān,再三,5
赞成,zancheng,zànchéng,賛成する,5
赞美,zanmei,zànměi,賛美する,5
糟糕,zaogao,zāogāo,（事柄や状況が）ひどく悪い,5
造成,zaocheng,zàochéng,引き起こす,5
则,ze,zé,規範,5
责备,zebei,zébèi,責める,5
摘,zhai,zhāi,摘み取る,5
粘贴,zhantie,zhāntiē,貼る,5
展开,zhankai,zhǎnkāi,広げる,5
展览,zhanlan,zhǎnlǎn,展覧する,5
占线,zhanxian,zhànxiàn,（電話が）話し中である,5
战争,zhanzheng,zhànzhēng,戦争,5
涨,zhang,zhǎng,上がる，増す,5
掌握,zhangwo,zhǎngwò,握る,5
账户,zhanghu,zhànghù,勘定,5
招待,zhaodai,zhāodài,抱き,5
着凉,zhaoliang,zháoliáng,風邪を引く,5
照常,zhaochang,zhàocháng,平常どおり,5
召开,zhaokai,zhàokāi,開催する,5
哲学,zhexue,zhéxué,哲学,5
真理,zhenli,zhēnlǐ,真理,5
真实,zhenshi,zhēnshí,真実である,5
针对,zhendui,zhēnduì,〜に焦点を合わせて,5
珍惜,zhenxi,zhēnxī,大切にする,5
诊断,zhenduan,zhěnduàn,診断する,5
枕头,zhentou,zhěntou,枕,5
阵,zhen,zhèn,陣立て,5
振动,zhendong,zhèndòng,振動する,5
睁,zheng,zhēng,目を開ける,5
争论,zhenglun,zhēnglùn,論争する,5
争取,zhengqu,zhēngqǔ,勝ち取る,5
征求,zhengqiu,zhēngqiú,求める,5
整个,zhengge,zhěnggè,丸ごとの,5
整体,zhengti,zhěngtǐ,全体,5
正,zheng,zhèng,まっすぐな,5
政策,zhengce,zhèngcè,政策,5
政府,zhengfu,zhèngfǔ,政府,5
政治,zhengzhi,zhèngzhì,政治,5
证件,zhengjian,zhèngjiàn,証明書,5
证据,zhengju,zhèngjù,証拠,5
挣钱,zheng qian,zhèng qián,お金を稼ぐ,5
支,zhi,zhī,支える,5
支票,zhipiao,zhīpiào,小切手,5
直,zhi,zhí,まっすぐである,5
执行,zhixing,zhíxíng,実行する,5
执照,zhizhao,zhízhào,許可証,5
指导,zhidao,zhǐdǎo,指導する,5
指挥,zhihui,zhǐhuī,指揮する,5
制定,zhiding,zhìdìng,制定する,5
制度,zhidu,zhìdù,制度,5
制作,zhizuo,zhìzuò,製作する,5
智慧,zhihui,zhìhuì,知恵,5
至今,zhijin,zhìjīn,今に至るまで,5
至于,zhiyu,zhìyú,（ある程度に）至る,5
治疗,zhiliao,zhìliáo,治療する,5
秩序,zhixu,zhìxù,秩序,5
志愿者,zhiyuan zhe,zhìyuàn zhě,ボランティア,5
钟,zhong,zhōng,鐘,5
中介,zhongjie,zhōngjiè,仲介,5
中心,zhongxin,zhōngxīn,中心,5
中旬,zhongxun,zhōngxún,中旬,5
重,zhong,zhòng,重ねる，重い,5
重量,zhongliang,zhòngliàng,重量,5
周到,zhoudao,zhōudào,行き届いている,5
逐步,zhubu,zhúbù,"一歩一歩と,次第に",5
竹子,zhuzi,zhúzi,竹,5
煮,zhu,zhǔ,煮る,5
主持,zhuchi,zhǔchí,主催する,5
主观,zhuguan,zhǔguān,主観,5
主人,zhuren,zhǔrén,（客に対し）主人,5
主席,zhuxi,zhǔxí,議長,5
主张,zhuzhang,zhǔzhāng,主張,5
嘱咐,zhufu,zhǔfù,言い聞かせる,5
祝福,zhufu,zhùfú,祝福する,5
注册,zhuce,zhùcè,登録する,5
抓紧,zhuajin,zhuājǐn,しっかりつかむ,5
专家,zhuanjia,zhuānjiā,専門家,5
专心,zhuanxin,zhuānxīn,専念している,5
转变,zhuanbian,zhuǎnbiàn,（考え・立場などが）変わる，変える,5
转告,zhuangao,zhuǎngào,伝言する,5
装,zhuang,zhuāng,扮装する,5
装饰,zhuangshi,zhuāngshì,装飾する,5
状况,zhuangkuang,zhuàngkuàng,状況,5
状态,zhuangtai,zhuàngtài,状態,5
追求,zhuiqiu,zhuīqiú,追求する,5
资格,zige,zīgé,資格,5
资金,zijin,zījīn,資金,5
资料,ziliao,zīliào,（生産・生活に必要な）資材，物資,5
资源,ziyuan,zīyuán,資源,5
姿势,zishi,zīshì,姿勢,5
咨询,zixun,zīxún,諮問する,5
紫,zi,zǐ,紫色の,5
字幕,zimu,zìmù,字幕,5
自从,zicong,zìcóng,（過去を起点として）…より，…から,5
自动,zidong,zìdòng,，自発的に,5
自豪,zihao,zìháo,誇りに思っている,5
自觉,zijue,zìjué,自覚する,5
自私,zisi,zìsī,利己的である,5
自信,zixin,zìxìn,自信,5
自由,ziyou,zìyóu,自由,5
自愿,ziyuan,zìyuàn,自ら希望する,5
综合,zonghe,zònghé,総合する,5
宗教,zongjiao,zōngjiào,宗教,5
总裁,zongcai,zǒngcái,責任者,5
总共,zonggong,zǒnggòng,全部で,5
总理,zongli,zǒnglǐ,総理，首相,5
总算,zongsuan,zǒngsuàn,ようやく，やっと，どうにか,5
总统,zongtong,zǒngtǒng,大統領,5
总之,zongzhi,zǒngzhī,要するに,5
组合,zuhe,zǔhé,組み合わせ,5
祖国,zuguo,zǔguó,祖国,5
祖先,zuxian,zǔxiān,祖先,5
阻止,zuzhi,zǔzhǐ,阻止する,5
醉,zui,zuì,酔う,5
最初,zuichu,zuìchū,最初の,5
罪犯,zuifan,zuìfàn,犯人,5
尊敬,zunjing,zūnjìng,尊敬する,5
遵守,zunshou,zūnshǒu,遵守する,5
作品,zuopin,zuòpǐn,作品,5
作为,zuowei,zuòwéi,行為,5
作文,zuowen,zuòwén,作文,5
唉,ai,āi,はい，ええ,6
爱护,aihu,àihù,大切に保護する，愛護する,6
爱惜,aixi,àixī,大事にする，惜しむ．,6
爱心,aixin,àixīn,思いやり,6
安慰,anwei,ānwèi,慰める,6
安装,anzhuang,ānzhuāng,据え付ける，取り付ける,6
岸,an,àn,岸,6
把握,bawo,bǎwò,把握する,6
摆,bai,bǎi,並べる，配置する,6
班主任,banzhuren,bānzhǔrèn,担任,6
办理,banli,bànlǐ,取り扱う，処理する．,6
棒,bang,bàng,スティック、棒,6
傍晚,bangwan,bàngwǎn,日暮れ時，夕方,6
包裹,baoguo,bāoguǒ,包む，くるむ,6
包含,baohan,bāohán,含む，包含する,6
包子,baozi,bāozi,丸パン,6
薄,bao,báo,薄い,6
宝贝,baobei,bǎobèi,赤ちゃん,6
宝贵,baogui,bǎoguì,大切である，貴重である,6
保持,baochi,bǎochí,維持する，保持する,6
保存,baocun,bǎocún,保存する，貯蔵する,6
保留,baoliu,bǎoliú,とどめる，残す,6
保险,baoxian,bǎoxiǎn,保険,6
报告,baogao,bàogào,報告する、レポート,6
悲观,beiguan,bēiguān,悲観的,6
背,bei,bèi,背負う，掛ける,6
背景,beijing,bèijǐng,背景,6
被子,beizi,bèizi,掛け布団,6
本科,benke,běnkē,学部のコース,6
本领,benling,běnlǐng,能力、腕前,6
本质,benzhi,běnzhí,本質、自然,6
比例,bili,bǐlì,比例、比率,6
比如,biru,bǐrú,例えば…など,6
彼此,bici,bǐcǐ,これとあれ、互いに,6
毕竟,bijing,bìjìng,結局のところ,6
避免,bimian,bìmiǎn,回避する，防止する,6
必然,biran,bìrán,必然的である,6
必需,bixu,bìxū,どうしても必要とする,6
必要,biyao,bìyào,必要とする，必要である,6
编辑,bianji,biānjí,編集する,6
鞭炮,bianpao,biānpào,爆竹,6
便,bian,biàn,便利である，都合がよい,6
辩论,bianlun,biànlùn,議論する，討論する,6
标点,biaodian,biāodiǎn,句読点,6
标志,biaozhi,biāozhì,標識，印,6
表面,biaomian,biǎomiàn,表面,6
表明,biaoming,biǎomíng,明らかにする,6
表情,biaoqing,biǎoqíng,表現,6
表现,biaoxian,biǎoxiàn,表現する，描く,6
病毒,bingdu,bìngdú,ウイルス,6
丙,bing,bǐng,干支,6
玻璃,boli,bōlí,ガラス,6
博物馆,bowuguan,bówùguǎn,博物館,6
脖子,bozi,bózi,首,6
不必,bubi,bùbì,必要はありません,6
不断,buduan,bùduàn,絶えず,6
不见得,bujian de,bùjiàn dé,そうとも限らない,6
不耐烦,bu naifan,bù nàifán,我慢ならない，うんざりす,6
不要紧,buyaojin,bùyàojǐn,差し支えない，構わない,6
补充,buchong,bǔchōng,補充する，補う．,6
布,bu,bù,布,6
不安,bu'an,bù'ān,不安である，心配である,6
不得了,budele,bùdéle,大変である，偉いことである,6
不好意思,bu haoyisi,bù hǎoyìsi,すみません,6
不免,bumian,bùmiǎn,やむをえない,6
不然,buran,bùrán,そうでなければ,6
不如,buru,bùrú,…に及ばない,6
不足,buzu,bùzú,不足,6
部门,bumen,bùmén,部門,6
步骤,buzhou,bùzhòu,段取り，順序,6
财产,caichan,cáichǎn,財産,6
踩,cai,cǎi,踏む,6
采访,caifang,cǎifǎng,取材する,6
采取,caiqu,cǎiqǔ,採取,6
彩虹,caihong,cǎihóng,虹,6
参考,cankao,cānkǎo,参考,6
参与,canyu,cānyù,参加する,6
餐厅,canting,cāntīng,食堂、レストラン,6
残疾,canji,cánjí,身体障害,6
惭愧,cankui,cánkuì,恥ずかしい,6
操场,caochang,cāochǎng,運動場、遊び場,6
操心,caoxin,cāoxīn,心配,6
册,ce,cè,冊子，とじ本．,6
厕所,cesuo,cèsuǒ,トイレ,6
测验,ceyan,cèyàn,検査する，テストする,6
曾经,cengjing,céngjīng,かつて,6
插,cha,chā,挿す，差し込む,6
差别,chabie,chābié,違い、差別,6
叉子,cha zi,chā zi,フォーク,6
拆,chai,chāi,開封する，ほどく,6
产品,chanpin,chǎnpǐn,産物，製品．,6
产生,chansheng,chǎnshēng,生み出す，生ずる,6
长途,changtu,chángtú,長距離,6
常识,changshi,chángshì,常識,6
抄,chao,chāo,書き写す，抜き書きする,6
朝,chao,cháo,向かって,6
朝代,chaodai,cháodài,王朝,6
炒,chao,chǎo,炒める,6
吵架,chaojia,chǎojià,喧嘩をする,6
车库,cheku,chēkù,車庫,6
车厢,chexiang,chēxiāng,車両,6
彻底,chedi,chèdǐ,徹底している,6
沉默,chenmo,chénmò,沈黙する．,6
趁,chen,chèn,…のうちに，…に乗じて,6
称,cheng,chēng,…と呼ぶ．,6
称呼,chenghu,chēnghu,…と呼ぶ．,6
称赞,chengzan,chēngzàn,褒めたたえる,6
乘,cheng,chéng,乗算,6
承担,chengdan,chéngdān,引き受ける，担う,6
承认,chengren,chéngrèn,認める，承認する,6
承受,chengshou,chéngshòu,耐える．,6
程度,chengdu,chéngdù,度,6
程序,chengxu,chéngxù,手順，段取り,6
成分,chengfen,chéngfèn,成分,6
成果,chengguo,chéngguǒ,成果，結果．,6
成就,chengjiu,chéngjiù,成果．,6
成立,chengli,chénglì,成立する,6
成语,chengyu,chéngyǔ,成語、イディオム,6
成长,chengzhang,chéngzhǎng,成長,6
诚恳,chengken,chéngkěn,誠実である,6
吃亏,chikui,chīkuī,損をする,6
持续,chixu,chíxù,持続する．,6
池子,chizi,chízi,池,6
尺子,chizi,chǐzi,物差し，メジャー．,6
翅膀,chibang,chìbǎng,羽，翼,6
冲,chong,chōng,突進する，突き進む,6
充电器,chongdian qi,chōngdiàn qì,充電器,6
充分,chongfen,chōngfèn,充分,6
充满,chongman,chōngmǎn,満ちる,6
重复,chongfu,chóngfù,繰り返す,6
宠物,chongwu,chǒngwù,ペット,6
抽屉,chouti,chōutì,引き出し,6
抽象,chouxiang,chōuxiàng,抽象,6
丑,chou,chǒu,醜い,6
臭,chou,chòu,臭い,6
出版,chuban,chūbǎn,出版,6
出口,chukou,chūkǒu,出口,6
出色,chuse,chūsè,特に優れている,6
出席,chuxi,chūxí,出席する,6
初级,chuji,chūjí,初級の,6
除,chu,chú,除き,6
除非,chufei,chúfēi,…してこそ,6
除夕,chuxi,chúxì,大晦日,6
处理,chuli,chǔlǐ,処理する,6
传播,chuanbo,chuánbò,伝播する，広める,6
传递,chuandi,chuándì,手渡す，伝達する．,6
传染,chuanran,chuánrǎn,移る，伝染する．,6
传说,chuanshuo,chuánshuō,伝説,6
传统,chuantong,chuántǒng,伝統,6
窗帘,chuanglian,chuānglián,窓のカーテン．,6
闯,chuang,chuǎng,突き進む，突進する,6
创造,chuangzao,chuàngzào,作り出す，創造する．,6
吹,chui,chuī,吹く,6
磁带,cidai,cídài,磁気テープ,6
辞职,cizhi,cízhí,辞職,6
此外,ciwai,cǐwài,これ以外に，このほかに,6
次要,ci yao,cì yào,二次的な，副次的な,6
刺激,ciji,cìjī,刺激,6
匆忙,congmang,cōngmáng,慌ただしい,6
从此,congci,cóngcǐ,それ以来、,6
从而,cong'er,cóng'ér,したがって,6
从前,congqian,cóngqián,以前，これまで,6
从事,congshi,cóngshì,…に従事する,6
醋,cu,cù,酢,6
促进,cujin,cùjìn,促進する,6
促使,cushi,cùshǐ,促して…させる,6
催,cui,cuī,催促する．,6
存,cun,cún,預ける,6
存在,cunzai,cúnzài,存在する,6
错误,cuowu,cuòwù,誤っている,6
措施,cuoshi,cuòshī,措置，処置，,6
答应,daying,dāyìng,応答する，返事をする,6
达到,dadao,dádào,達する，到達する,6
打工,dagong,dǎgōng,アルバイトをする．,6
打交道,dajiaodao,dǎjiāodào,つきあう,6
打喷嚏,da penti,dǎ pēntì,くしゃみをする．,6
打听,dating,dǎtīng,尋ねる,6
打招呼,dazhaohu,dǎzhāohū,あいさつする,6
大方,dafang,dàfāng,気前がよい，物惜しみしない,6
大象,da xiang,dà xiàng,象,6
大型,daxing,dàxíng,大規模,6
呆,dai,dāi,ぼうぜんとする,6
贷款,daikuan,dàikuǎn,貸付金，借款,6
待遇,daiyu,dàiyù,待遇,6
单纯,danchun,dānchún,単純である,6
单调,dandiao,dāndiào,単調な,6
单独,dandu,dāndú,一人，単独,6
单位,danwei,dānwèi,単位,6
单元,danyuan,dānyuán,"単元,区画",6
担任,danren,dānrèn,添え受け持つ，担当する,6
耽误,danwu,dānwù,遅延,6
胆小鬼,danxiaogui,dǎnxiǎoguǐ,臆病者，腰抜け,6
淡,dan,dàn,淡い，薄い,6
当代,dangdai,dāngdài,現代，当世,6
挡,dang,dǎng,遮る，防ぐ,6
岛,dao,dǎo,島,6
倒霉,daomei,dǎoméi,運が悪い，ついていない,6
导演,daoyan,dǎoyǎn,演出をする,6
导致,daozhi,dǎozhì,もたらす，招く，引き起こす,6
倒,dao,dào,倒れる,6
到达,daoda,dàodá,到着,6
道德,daode,dàodé,道徳,6
道理,daoli,dàolǐ,道理，理屈,6
登机牌,deng ji pai,dēng jī pái,搭乗券,6
登记,dengji,dēngjì,登録する,6
等待,dengdai,děngdài,待ち望む,6
等候,denghou,děnghòu,待つ,6
等于,dengyu,děngyú,等しい,6
滴,di,dī,滴る,6
的确,dique,díquè,確かに，確実に，間違いなく,6
敌人,diren,dírén,敵,6
递,di,dì,手渡す,6
地道,didao,dìdào,地下道,6
地理,dili,dìlǐ,地理,6
地区,diqu,dìqū,地域,6
地毯,ditan,dìtǎn,じゅうたん，カーペット,6
地位,diwei,dìwèi,地位,6
地震,dizhen,dìzhèn,地震,6
点头,diantou,diǎntóu,うなずく,6
点心,dianxin,diǎnxīn,軽い食事，おやつ,6
电池,dianchi,diànchí,"電池,バッテリー",6
电台,diantai,diàntái,放送局,6
钓,diao,diào,釣る,6
丁,ding,dīng,（配列順序などの）4番め,6
顶,ding,dǐng,頂，頂上，てっぺん,6
冻,dong,dòng,凍る，氷結する,6
洞,dong,dòng,穴，洞穴，洞窟,6
动画片,donghua pian,dònghuà piàn,漫画 ，アニメーション,6
逗,dou,dòu,からかう，いたずらする,6
豆腐,doufu,dòufu,豆腐,6
独立,duli,dúlì,独立,6
独特,dute,dútè,"独特,ユニーク",6
度过,duguo,dùguò,過ごす,6
短信,duanxin,duǎnxìn,"SMS,ショートメッセージ",6
堆,dui,duī,積む，積み上げる,6
对比,duibi,duìbǐ,対照、対比,6
对待,duidai,duìdài,向かい合う，相対する,6
对方,duifang,duìfāng,相手方，相手側,6
对手,duishou,duìshǒu,（競技・試合の）相手,6
对象,duixiang,duìxiàng,対象,6
对于,duiyu,duìyú,…に対して，…について,6
吨,dun,dūn,（重量単位）トン,6
蹲,dun,dūn,しゃがむ，かがみこむ,6
多亏,duokui,duōkuī,～のおかげ,6
多余,duoyu,duōyú,余分な，余った,6
躲藏,duocang,duǒcáng,隠れる，身を隠す,6
恶劣,elie,èliè,極めて悪い，下劣,6
发表,fabiao,fābiǎo,発表する，公表する,6
发愁,fachou,fāchóu,心配する,6
发达,fada,fādá,発達している,6
发抖,fadou,fādǒu,ぶるぶる震える，身震いする,6
发挥,fahui,fāhuī,発揮する,6
发明,faming,fāmíng,発明,6
发票,fapiao,fāpiào,領収書,6
发言,fayan,fāyán,発言,6
罚款,fakuan,fákuǎn,罰金,6
法院,fayuan,fǎyuàn,裁判所,6
翻,fan,fān,ひっくり返る,6
繁荣,fanrong,fánróng,繁栄,6
凡是,fanshi,fánshì,全て,6
反而,fan'er,fǎn'ér,"逆に,却って",6
反复,fanfu,fǎnfù,繰り返す，反復する,6
反应,fanying,fǎnyìng,反応する,6
反正,fanzheng,fǎnzhèng,どうせ、いずれにせよ,6
方,fang,fāng,方向,6
方案,fang'an,fāng'àn,構想,6
方式,fangshi,fāngshì,方式，様式，形式,6
妨碍,fang'ai,fáng'ài,妨げる,6
房东,fangdong,fángdōng,家主,6
仿佛,fangfu,fǎngfú,似かよっている，似ている,6
放松,fangsong,fàngsōng,緩める,6
非,fei,fēi,非，間違い，過,6
肥皂,feizao,féizào,石鹸,6
肺,fei,fèi,肺,6
废话,feihua,fèihuà,むだ話,6
费用,feiyong,fèiyòng,費用，経費，支出,6
分别,fenbie,fēnbié,"別れる,区別する",6
分布,fenbu,fēnbù,分布する,6
分配,fenpei,fēnpèi,分配する，割り当て,6
分析,fenxi,fēnxī,分析する,6
纷纷,fenfen,fēnfēn,入り乱れている,6
奋斗,fendou,fèndòu,奮闘する，頑張る,6
愤怒,fennu,fènnù,"怒り,憤る",6
风格,fengge,fēnggé,風格，品格，品位,6
风俗,fengsu,fēngsú,風俗，風習,6
风险,fengxian,fēngxiǎn,危険，冒険，リスク,6
疯狂,fengkuang,fēngkuáng,狂気,6
讽刺,fengci,fèngcì,当てこする，皮肉,6
否定,fouding,fǒudìng,否定する,6
否认,fouren,fǒurèn,否認する,6
扶,fu,fú,手を貸す，支える,6
幅,fu,fú,幅,6
服从,fucong,fúcóng,服従する，従う,6
服装,fuzhuang,fúzhuāng,衣服，服装,6
辅导,fudao,fǔdǎo,補習する，指導する,6
付款,fukuan,fùkuǎn,支払い,6
妇女,funu,fùnǚ,婦人，女性,6
复制,fuzhi,fùzhì,複製する，コピーする,6
改革,gaige,gǎigé,改革,6
改进,gaijin,gǎijìn,改良する,6
改善,gaishan,gǎishàn,改善する,6
改正,gaizheng,gǎizhèng,正す，改める,6
盖,gai,gài,ふたをする，かぶせる,6
概括,gaikuo,gàikuò,（要点を）まとめる,6
概念,gainian,gàiniàn,概念,6
干脆,gancui,gāncuì,さっぱり，てきぱき,6
感激,ganji,gǎnjī,感激する,6
感受,ganshou,gǎnshòu,受ける，感じる,6
感想,ganxiang,gǎnxiǎng,感想，考え,6
赶紧,ganjin,gǎnjǐn,急いで,6
赶快,gankuai,gǎnkuài,大急ぎで，速やかに,6
干活儿,gan huo er,gàn huó er,仕事をする,6
钢铁,gangtie,gāngtiě,鉄鋼,6
高档,gaodang,gāodàng,高級な，上等の,6
高速公路,gaosu gonglu,gāosù gōnglù,高速道路,6
搞,gao,gǎo,行なう，する，やる,6
告别,gaobie,gàobié,別れる，離れる,6
胳膊,gebo,gēbó,腕,6
鸽子,gezi,gēzi,鳩,6
隔壁,gebi,gébì,隣,6
革命,geming,gémìng,革命,6
格外,gewai,géwài,とりわけ，格別に,6
个别,gebie,gèbié,個別的な，個々の,6
个人,geren,gèrén,個人,6
个性,gexing,gèxìng,個性,6
各自,gezi,gèzì,各自,6
根,gen,gēn,"根,根源,基礎",6
根本,genben,gēnběn,根本，大本,6
更加,gengjia,gèngjiā,よりいっそう，更に一段と,6
公布,gongbu,gōngbù,公布する，公告する,6
公开,gongkai,gōngkāi,公開する,6
公平,gongping,gōngpíng,公平である，公正である,6
公寓,gongyu,gōngyù,アパート,6
公元,gongyuan,gōngyuán,西暦,6
公主,gongzhu,gōngzhǔ,王女,6
工厂,gongchang,gōngchǎng,工場,6
工程师,gongchengshi,gōngchéngshī,技師，エンジニア,6
工人,gongren,gōngrén,労働者,6
工业,gongye,gōngyè,工業,6
功夫,gongfu,gōngfū,"技量,腕前",6
功能,gongneng,gōngnéng,機能,6
贡献,gongxian,gòngxiàn,貢献,6
沟通,goutong,gōutōng,通じる，交流,6
构成,goucheng,gòuchéng,構成する，組み立てる,6
姑姑,gugu,gūgū,おば，おばさん,6
姑娘,guniang,gūniáng,（未婚の）女の子,6
古代,gudai,gǔdài,"大昔,古代",6
古典,gudian,gǔdiǎn,古典的な,6
古老,gulao,gǔlǎo,古い,6
鼓舞,guwu,gǔwǔ,奮い立たせる，激励する,6
股票,gupiao,gǔpiào,株券，株,6
骨头,gutou,gǔtou,骨,6
固定,guding,gùdìng,固定している，定着している,6
固体,guti,gùtǐ,固体,6
雇佣,guyong,gùyōng,雇用する，雇う,6
挂号,guahao,guàhào,登録する,6
乖,guai,guāi,"従順,大人しい",6
拐弯,guaiwan,guǎiwān,角を曲がる，カーブする,6
怪不得,guaibude,guàibùdé,道理で,6
官,guan,guān,役人，官職,6
关闭,guanbi,guānbì,閉じる，閉める,6
关怀,guanhuai,guānhuái,思いやる，心遣いをする,6
观察,guancha,guānchá,詳しく見る，観察する,6
观点,guan dian,guān diǎn,観点,6
观念,guannian,guānniàn,観念，思想,6
管子,guanzi,guǎnzi,パイプ，管,6
冠军,guanjun,guànjūn,優勝者，チャンピオン,6
罐头,guantou,guàntóu,缶詰,6
光滑,guanghua,guānghuá,滑らか，つるつる,6
光临,guanglin,guānglín,ご光来を賜わる,6
光明,guangming,guāngmíng,光明，明るい,6
光盘,guangpan,guāngpán,CD,6
光荣,guangrong,guāngróng,光栄である，名誉である,6
广场,guangchang,guǎngchǎng,広場,6
广大,guangda,guǎngdà,広大である,6
广泛,guangfan,guǎngfàn,広範である,6
规矩,guiju,guījǔ,きまり，習わし，規則,6
规律,guilu,guīlǜ,法則,6
规模,guimo,guīmó,規模，スケール,6
规则,guize,guīzé,規則，ルール,6
柜台,guitai,guìtái,（店鋪の）カウンター,6
滚,gun,gǔn,転がる,6
锅,guo,guō,"鍋,釜",6
国籍,guoji,guójí,国籍,6
国庆节,guoqing jie,guóqìng jié,"国慶節,建国記念日",6
果实,guoshi,guǒshí,果実，果物,6
过分,guofen,guòfèn,行きすぎる，度を超している,6
过敏,guomin,guòmǐn,"過敏,アレルギー",6
过期,guoqi,guòqí,期限切れ,6
哈,ha,hā,（多く‘哈哈’の形で；笑い声）ハッハッ,6
海关,haiguan,hǎiguān,税関,6
海鲜,haixian,hǎixiān,生鮮魚介類,6
喊,han,hǎn,叫ぶ，呼ぶ,6
行业,hangye,hángyè,商業，稼業,6
豪华,haohua,háohuá,"贅沢,華々しい",6
好奇,haoqi,hàoqí,好奇心がある,6
和平,heping,hépíng,平和,6
何必,hebi,hébì,どうして…する必要があろうか,6
何况,hekuang,hékuàng,"ましてや,その上",6
合法,hefa,héfǎ,合法である,6
合理,heli,hélǐ,理にかなっている，合理的である,6
合同,hetong,hétóng,契約,6
合影,heying,héyǐng,一緒に写真を撮る,6
合作,hezuo,hézuò,提携する,6
核心,hexin,héxīn,中心，核心,6
恨,hen,hèn,憎む，嫌う,6
横,heng,héng,横の,6
后果,houguo,hòuguǒ,結果,6
忽视,hushi,hūshì,"軽視する,無視する",6
呼吸,huxi,hūxī,呼吸,6
壶,hu,hú,"ポット,壷",6
蝴蝶,hudie,húdié,蝶,6
胡说,hushuo,húshuō,"でたらめを言う,いい加減なことを言う",6
胡同,hutong,hútòng,"小路,横丁,路地",6
胡须,huxu,húxū,髭,6
糊涂,hutu,hútú,"はっきりしない,めちゃくちゃな",6
花生,huasheng,huāshēng,落花生，ピーナッツ,6
滑冰,huabing,huábīng,アイススケート,6
划船,huachuan,huáchuán,操舟する，漕ぐ,6
华裔,huayi,huáyì,外国に移住している中国人,6
话题,huati,huàtí,話題,6
化学,huaxue,huàxué,化学,6
怀念,huainian,huáiniàn,恋しく思う，懐かしく思う,6
缓解,huanjie,huǎnjiě,"緩和する,和らげる",6
幻想,huanxiang,huànxiǎng,幻想,6
慌张,huangzhang,huāngzhāng,慌てている,6
黄瓜,huanggua,huángguā,胡瓜,6
黄金,huangjin,huángjīn,黄金，金,6
皇帝,huangdi,huángdì,皇帝,6
皇后,huanghou,huánghòu,皇后,6
挥,hui,huī,振るう，振る，振り回す,6
灰,hui,huī,灰,6
灰尘,huichen,huīchén,ちり，ほこり,6
灰心,huixin,huīxīn,"意気消沈する,落胆",6
恢复,huifu,huīfù,回復する,6
汇率,huilu,huìlǜ,為替相場，為替レート,6
婚礼,hunli,hūnlǐ,結婚式，婚礼,6
婚姻,hunyin,hūnyīn,婚姻，結婚,6
活跃,huoyue,huóyuè,活動的である，活発である,6
火柴,huochai,huǒchái,マッチ,6
伙伴,huoban,huǒbàn,仲間，同僚，相棒,6
基本,jiben,jīběn,基本，根本，基礎,6
机器,jiqi,jīqì,"機械,機器",6
激烈,jilie,jīliè,激しい，激烈である,6
肌肉,jirou,jīròu,筋肉,6
及格,jige,jígé,合格する,6
急忙,jimang,jímáng,"急いで,慌ただしい",6
集体,jiti,jítǐ,集団，団体，グループ,6
集中,jizhong,jízhōng,集中する，集める,6
记录,jilu,jìlù,記録,6
记忆,jiyi,jìyì,記憶,6
计算,jisuan,jìsuàn,計算する，算定する,6
系领带,xi lingdai,xì lǐngdài,ネクタイを締める,6
纪录,ji lu,jì lù,記録,6
纪律,jilu,jìlǜ,規律,6
纪念,jinian,jìniàn,記念，思い出,6
寂寞,jimo,jìmò,寂しい,6
家庭,jiating,jiātíng,"家庭,家族",6
家务,jiawu,jiāwù,家事,6
家乡,jiaxiang,jiāxiāng,故郷,6
嘉宾,jiabin,jiābīn,佳賓，嘉賓,6
夹子,jiazi,jiázi,"留め具,クリップ",6
甲,jia,jiǎ,"（配列順序などの）1番,鎧",6
假如,jiaru,jiǎrú,もし…ならば,6
假装,jiazhuang,jiǎzhuāng,装う，ふりをする,6
嫁,jia,jià,嫁に行く，嫁ぐ,6
价值,jiazhi,jiàzhí,価値，値打ち,6
驾驶,jiashi,jiàshǐ,操縦する,6
煎,jian,jiān,焼く，煎る,6
肩膀,jianbang,jiānbǎng,肩,6
坚决,jianjue,jiānjué,"断固としている,強気",6
坚强,jianqiang,jiānqiáng,強固だ，気強い,6
艰巨,jianju,jiānjù,極めて困難である,6
艰苦,jianku,jiānkǔ,困難に満ちる，苦しい，つらい,6
尖锐,jianrui,jiānruì,鋭い,6
捡,jian,jiǎn,拾う,6
简历,jianli,jiǎnlì,略歴,6
简直,jianzhi,jiǎnzhí,全く，ほとんど,6
剪刀,jiandao,jiǎndāo,はさみ,6
健身房,jianshenfang,jiànshēnfáng,"ジム,トレーニングルーム",6
建立,jianli,jiànlì,打ち立てる，設立する，建設する,6
建设,jianshe,jiànshè,建設,6
建议,jianyi,jiànyì,提案,6
建筑,jianzhu,jiànzhú,建築，建造物,6
键盘,jianpan,jiànpán,"鍵盤,キーボード",6
讲究,jiangjiu,jiǎngjiù,"重んじる,凝っている,こだわる",6
讲座,jiangzuo,jiǎngzuò,講座,6
降落,jiangluo,jiàngluò,降下する，着陸する,6
酱油,jiangyou,jiàngyóu,醤油,6
浇,jiao,jiāo,（水や別の液体を上から）かける,6
交换,jiaohuan,jiāohuàn,交換する,6
交际,jiaoji,jiāojì,交際する，つきあう,6
郊区,jiaoqu,jiāoqū,"郊外区域,近郊",6
胶水,jiaoshui,jiāoshuǐ,（接着用の）のり,6
角度,jiaodu,jiǎodù,角度,6
狡猾,jiaohua,jiǎohuá,悪賢い，ずるい,6
教材,jiaocai,jiàocái,教材,6
教练,jiaolian,jiàoliàn,コーチ，トレーナー,6
教训,jiaoxun,jiàoxùn,教訓,6
接触,jiechu,jiēchù,接触する，触れる,6
接待,jiedai,jiēdài,接待する，応待する,6
接近,jiejin,jiējìn,接近する，近づく,6
接着,jiezhe,jiēzhe,"受け止める,引き続き",6
阶段,jieduan,jiēduàn,段階,6
结实,jieshi,jiēshi,丈夫である，しっかりしてい,6
节,jie,jié,"（物の）節,区切り，段落,祝祭日",6
节省,jiesheng,jiéshěng,倹約する，節約する,6
结构,jiegou,jiégòu,構造，構成,6
结合,jiehe,jiéhé,結合する，結びつける,6
结论,jielun,jiélùn,結論,6
结账,jiezhang,jiézhàng,決算する，清算する,6
解放,jiefang,jiěfàng,解放,6
解说员,jieshuo yuan,jiěshuō yuán,"コメンテーター,ナレーター,語り手",6
届,jie,jiè,定期的な会・行事などの回数,6
借口,jiekou,jièkǒu,口実,6
戒烟,jieyan,jièyān,禁煙,6
戒指,jiezhi,jièzhǐ,指輪,6
金属,jinshu,jīnshǔ,金属,6
紧,jin,jǐn,締める，きつくする,6
紧急,jinji,jǐnjí,"緊急,非常",6
谨慎,jinshen,jǐnshèn,慎重である，慎しみ深い，注意深い,6
进步,jinbu,jìnbù,進歩する,6
进口,jinkou,jìnkǒu,インポート,6
近代,jindai,jìndài,近代,6
尽力,jinli,jìnlì,"全力を尽くす,目一杯",6
尽量,jinliang,jǐnliàng,できるだけ，なるべく，極力,6
精力,jingli,jīnglì,精力,6
经典,jingdian,jīngdiǎn,経典，聖典,6
经营,jingying,jīngyíng,経営する,6
景色,jingse,jǐngsè,景色，風景,6
敬爱,jing'ai,jìng'ài,敬愛する,6
酒吧,jiuba,jiǔbā,"バー,飲み屋",6
救,jiu,jiù,"救う,救助，救援",6
救护车,jiuhu che,jiùhù chē,救急車,6
舅舅,jiujiu,jiùjiu,母方のおじ,6
居然,juran,jūrán,意外にも，なんと，よくも,6
桔子,juzi,júzi,ミカン,6
举,ju,jǔ,差し上げる，持ち上げる,6
具备,jubei,jùbèi,備える，具備する，そろえる,6
具体,juti,jùtǐ,具体的である,6
巨大,juda,jùdà,"極めて大きい,莫大",6
聚会,juhui,jùhuì,"集まる,会合",6
俱乐部,julebu,jùlèbù,クラブ,6
据说,jushuo,jùshuō,（聞くところによると）…だそうだ,6
捐,juan,juān,寄付する,6
卷,juan,juǎn,"巻く,巻き込む",6
决赛,juesai,juésài,決勝戦,6
决心,juexin,juéxīn,決心，決意,6
绝对,juedui,juéduì,絶対的な,6
角色,juese,juésè,"役柄,役割",6
军事,junshi,jūnshì,軍事,6
均匀,junyun,jūnyún,むらがない，均等である，平均化されている,6
卡车,kache,kǎchē,トラック,6
开发,kaifa,kāifā,開発する,6
开放,kaifang,kāifàng,咲く，開く,6
开幕式,kaimu shi,kāimù shì,開会式,6
开心,kaixin,kāixīn,愉快である，楽しい，うれしい,6
砍,kan,kǎn,たたき切る，打ちきる,6
看不起,kanbuqi,kànbùqǐ,軽く見る，軽べつする，さげすむ,6
看来,kan lai,kàn lái,見たところ，思うに,6
抗议,kangyi,kàngyì,抗議する,6
烤鸭,kaoya,kǎoyā,アヒルの丸焼き（北京烤鸭＝北京ダック）,6
颗,ke,kē,個，粒,6
可见,kejian,kějiàn,してみると…ということがわかる，…と知ることができる,6
可靠,kekao,kěkào,信頼できる，頼りになる,6
可怕,kepa,kěpà,恐ろしい，怖い,6
课程,kecheng,kèchéng,課程,6
克,ke,kè,（重量単位）グラム,6
克服,kefu,kèfú,克服する,6
刻苦,keku,kèkǔ,よく苦しみに耐える，骨身を惜しまない,6
客观,keguan,kèguān,客観,6
客厅,keting,kètīng,応接間，客間,6
空间,kongjian,kōngjiān,空間，宇宙,6
恐怖,kongbu,kǒngbù,"恐怖,恐ろしい",6
空闲,kongxian,kòngxián,手がすく，暇になる,6
控制,kongzhi,kòngzhì,支配する，制圧する，コントロールする,6
口味,kouwei,kǒuwèi,"味,好み",6
夸,kua,kuā,"誇張する,褒める",6
会计,kuaiji,kuàijì,会計,6
矿泉水,kuangquan shui,kuàngquán shuǐ,ミネラルウォーター,6
辣椒,lajiao,làjiāo,唐辛子,6
蜡烛,lazhu,làzhú,ロウソク,6
来自,laizi,láizì,…から来る,6
拦,lan,lán,（道を）ふさぐ,6
烂,lan,làn,"腐っている,ただれ,軟らかい",6
狼,lang,láng,狼,6
劳动,laodong,láodòng,労働する，働く,6
劳驾,laojia,láojià,ご足労をかける,6
老百姓,laobaixing,lǎobǎixìng,庶民，民衆，一般人,6
老板,laoban,lǎobǎn,店主，経営者,6
老实,laoshi,lǎoshí,まじめである，正直である，誠実である,6
老鼠,laoshu,lǎoshǔ,ネズミ,6
姥姥,laolao,lǎolao,母方の祖母,6
乐观,leguan,lèguān,楽観的である,6
雷,lei,léi,雷,6
类,lei,lèi,種類，たぐい,6
梨,li,lí,梨,6
离婚,lihun,líhūn,離婚,6
厘米,limi,límǐ,（長さの単位）センチメートル,6
礼拜天,libai tian,lǐbài tiān,日曜日,6
理论,lilun,lǐlùn,理論,6
理由,liyou,lǐyóu,理由,6
粒,li,lì,穀物,6
立方,lifang,lìfāng,立方，3乗,6
立即,liji,lìjí,直ちに，即座に，すぐに,6
立刻,like,lìkè,直ちに，即座に，すぐに,6
力量,liliang,lìliàng,力，体力，エネルギー,6
利润,lirun,lìrùn,"利潤,利益,儲け",6
利息,lixi,lìxí,"利息,利子",6
利益,liyi,lìyì,利益,6
利用,liyong,lìyòng,利用する,6
连忙,lianmang,liánmáng,急いで,6
连续剧,lianxuju,liánxùjù,"連続ドラマ,シリーズ",6
联合,lianhe,liánhé,連合する，団結する,6
恋爱,lian'ai,liàn'ài,恋愛する，恋,6
良好,lianghao,liánghǎo,良好,6
粮食,liangshi,liángshí,穀物，食糧，主食,6
了不起,liaobuqi,liǎobùqǐ,"素晴らしい,立派，大したものである",6
临时,linshi,línshí,短期的な，臨時の，一時的な,6
铃,ling,líng,"鈴,ベル",6
零件,lingjian,língjiàn,部品，パーツ,6
零钱,lingqian,língqián,小銭,6
零食,lingshi,língshí,"間食,スナック",6
灵活,linghuo,línghuó,"柔軟,機敏である,融通",6
领导,lingdao,lǐngdǎo,指導者，リーダー,6
领域,lingyu,lǐngyù,区域，領域,6
流传,liuchuan,liúchuán,（事跡・物語・作品・歌曲などが）伝播する，流布する，広く伝わる,6
浏览,liulan,liúlǎn,ざっと目を通す，さっと見渡す,6
龙,long,lóng,"竜,ドラゴン",6
漏,lou,lòu,漏る，漏れる,6
露,lu,lù,外に出る，人の目に触れる，現われ出る,6
陆地,ludi,lùdì,陸，陸地,6
陆续,luxu,lùxù,次々と，続々と,6
录取,luqu,lùqǔ,採用する,6
录音,lu yin,lù yīn,録音，録音したもの,6
轮流,lunliu,lúnliú,"順番に,順々に,代わる代わる",6
论文,lunwen,lùnwén,論文,6
逻辑,luoji,luójí,"論理,ロジック",6
落后,luohou,luòhòu,後れる，後になる，落伍する,6
骂,ma,mà,ののしる，悪口を言う,6
麦克风,maikefeng,màikèfēng,"マイクロフォン,マイク",6
馒头,mantou,mántou,（餡が入っていない小麦粉で作った中国風蒸しパン）マントー,6
满足,manzu,mǎnzú,満足する,6
毛,mao,máo,髪の毛，（獣の）毛，（鳥の）羽毛,6
毛病,mao bing,máo bìng,"悪習，悪い癖,故障",6
矛盾,maodun,máodùn,矛盾,6
冒险,maoxian,màoxiǎn,危険を冒す，冒険する,6
贸易,maoyi,màoyì,貿易，交易，取引，通商,6
眉毛,meimao,méimáo,"眉毛,眉",6
煤炭,meitan,méitàn,石炭,6
美术,meishu,měishù,美術,6
魅力,meili,mèilì,魅力,6
迷路,milu,mílù,"道に迷う, ((生理)) 内耳",6
谜语,miyu,míyǔ,なぞなぞ,6
蜜蜂,mifeng,mìfēng,ミツバチ,6
密切,miqie,mìqiè,（人間・事物の関係・協力などが）密接である,6
秘密,mimi,mìmì,秘密,6
秘书,mishu,mìshū,秘書,6
棉花,mianhua,miánhuā,棉花，棉,6
面对,mian dui,miàn duì,向かい合う，面と向かう,6
面积,mianji,miànjī,面積,6
面临,mianlin,miànlín,"面する，臨む,直面する",6
苗条,miaotiao,miáotiáo,すらりとしている，スリムである,6
描写,miaoxie,miáoxiě,描写する,6
秒,miao,miǎo,秒,6
民主,minzhu,mínzhǔ,"民主,民主主義",6
明确,mingque,míngquè,明確である,6
明显,mingxian,míngxiǎn,明らかである，はっきりしている，顕著である,6
明信片,mingxinpian,míngxìnpiàn,"郵便はがき,はがき",6
明星,mingxing,míngxīng,スター，花形,6
名牌,mingpai,míngpái,名の通った商標，有名ブランド,6
名片,mingpian,míngpiàn,名刺,6
名胜古迹,mingsheng guji,míngshèng gǔjī,名跡,6
命令,mingling,mìnglìng,命令する，命じる,6
命运,mingyun,mìngyùn,運命，定め,6
摸,mo,mō,"触る，なでる,探る",6
模仿,mofang,mófǎng,模倣する，まねる,6
模糊,mohu,móhú,ぼんやりしている，はっきりしない,6
摩托车,motuo che,mótuō chē,"オートバイ,バイク",6
陌生,mosheng,mòshēng,よく知らない，見知らぬ,6
某,mou,mǒu,某，ある,6
目标,mubiao,mùbiāo,目標,6
目录,mulu,mùlù,目録，カタログ,6
目前,muqian,mùqián,目下，現在,6
木头,mutou,mùtou,丸太，木,6
哪怕,napa,nǎpà,たとえ…であっても,6
难怪,nanguai,nánguài,なるほど，道理で,6
难看,nankan,nánkàn,醜い，不格好である,6
脑袋,naodai,nǎodai,頭部，頭,6
内科,neike,nèikē,内科,6
嫩,nen,nèn,若い，柔らかい,6
能干,nenggan,nénggàn,仕事がよくできる，敏腕,6
能源,nengyuan,néngyuán,エネルギー源,6
年代,niandai,niándài,"時代,年代",6
年纪,nian ji,nián jì,年，年齢,6
念,nian,niàn,"思う，気にかける，懐かしく思う,読む",6
宁可,ningke,nìngkě,むしろ（…する），（…するよりは）むしろ（…した方がよい）,6
牛仔裤,niuzaiku,niúzǎikù,ジーンズ，ジーパン,6
浓,nong,nóng,濃い,6
农民,nongmin,nóngmín,"農民,百姓",6
农业,nongye,nóngyè,農業,6
女士,nushi,nǚshì,(女性に対する一般的な敬称)女史,6
偶然,ouran,ǒurán,"偶然である,たまたま",6
拍,pai,pāi,たたく，打つ,6
排队,paidui,páiduì,列に並ぶ，列を作る，順番を待つ,6
排球,paiqiu,páiqiú,バレーボール,6
派,pai,pài,"派,派閥",6
盼望,panwang,pànwàng,待ち望む，待ち焦がれる，切に望む,6
赔偿,peichang,péicháng,弁償する，賠賞する,6
培养,peiyang,péiyǎng,培養する，育てる,6
佩服,peifu,pèifú,感心する,6
配合,peihe,pèihé,協力する,6
盆,pen,pén,鉢,6
碰见,pengjian,pèngjiàn,出会う,6
披,pi,pī,羽織る,6
批,pi,pī,ひっぱたく,6
批准,pizhun,pīzhǔn,承認する,6
皮鞋,pixie,píxié,革靴,6
疲劳,pilao,píláo,疲労,6
匹,pi,pǐ,匹敵する,6
片,pian,piàn,カード状のもの,6
片面,pianmian,piànmiàn,一方的な,6
飘,piao,piāo,はためく,6
频道,pindao,píndào,チャンネル,6
品种,pinzhong,pǐnzhǒng,品種,6
凭,ping,píng,寄りかかる,6
平,ping,píng,平らである,6
平常,pingchang,píngcháng,普通である,6
平等,pingdeng,píngděng,平等,6
平方,pingfang,píngfāng,平方，2乗,6
平衡,pingheng,pínghéng,釣り合っている,6
平静,pingjing,píngjìng,平静,6
平均,pingjun,píngjūn,平均する,6
评价,pingjia,píngjià,評価する,6
破产,pochan,pòchǎn,破産する,6
破坏,pohuai,pòhuài,破壊する,6
迫切,poqie,pòqiè,差迫る,6
朴素,pusu,púsù,素朴,6
期待,qidai,qídài,期待する,6
期间,qijian,qíjiān,期間,6
其余,qiyu,qíyú,残りの,6
奇迹,qiji,qíjī,奇跡,6
启发,qifa,qǐfā,啓発する,6
企图,qitu,qìtú,企てる,6
企业,qiye,qǐyè,ビジネス,6
气氛,qifen,qìfēn,雰囲気,6
汽油,qiyou,qìyóu,ガソリン,6
牵,qian,qiān,（人・家畜を）引く，引っ張る,6
谦虚,qianxu,qiānxū,謙虚である,6
签字,qianzi,qiānzì,署名,6
前途,qiantu,qiántú,前途,6
浅,qian,qiǎn,浅い,6
欠,qian,qiàn,あくび,6
枪,qiang,qiāng,銃,6
强调,qiangdiao,qiángdiào,強調する,6
强烈,qianglie,qiángliè,強烈である,6
抢,qiang,qiǎng,奪い取る,6
悄悄,qiaoqiao,qiāoqiāo,声を立てずに,6
瞧,qiao,qiáo,見る,6
巧妙,qiaomiao,qiǎomiào,巧妙である,6
切,qie,qiè,切る,6
亲爱,qin'ai,qīn'ài,親愛なる,6
亲切,qinqie,qīnqiè,親しみ深い,6
亲自,qinzi,qīnzì,自ら,6
侵略,qinlve,qīnlüè,侵略する,6
勤奋,qinfen,qínfèn,張り切って精を出している,6
勤劳,qinlao,qínláo,勤勉でよく働く,6
青,qing,qīng,青い,6
青少年,qingshaonian,qīngshàonián,青少年,6
轻视,qingshi,qīngshì,軽視する,6
青春,qingchun,qīngchūn,青春,6
清淡,qingdan,qīngdàn,淡白である,6
情景,qingjing,qíngjǐng,情景,6
情绪,qingxu,qíngxù,意欲,6
请求,qingqiu,qǐngqiú,要望,6
庆祝,qingzhu,qìngzhù,祝う,6
球迷,qiumi,qiúmí,球技ファン,6
趋势,qushi,qūshì,動向,6
娶,qu,qǔ,（嫁を）もらう,6
取消,quxiao,qǔxiāo,取り消す,6
去世,qushi,qùshì,死去する,6
圈,quan,quān,（家畜を）囲いの中に入れる,6
全面,quanmian,quánmiàn,全面的である,6
权力,quanli,quánlì,権力,6
权利,quanli,quánlì,権利,6
劝,quan,quàn,勧告する,6
缺乏,quefa,quēfá,欠乏する,6
确定,queding,quèdìng,確定した,6
确认,queren,quèrèn,確認する,6
燃烧,ranshao,ránshāo,燃焼する,6
嚷,rang,rǎng,大声で叫ぶ,6
绕,rao,rào,巻く,6
热爱,re'ai,rè'ài,熱愛する,6
热烈,relie,rèliè,熱烈である,6
热心,rexin,rèxīn,熱心である,6
人才,rencai,réncái,人材,6
人口,renkou,rénkǒu,人口,6
人类,renlei,rénlèi,人類,6
人生,rensheng,rénshēng,人生,6
人事,renshi,rénshì,世間の出来事,6
人物,renwu,rénwù,人物,6
人员,renyuan,rényuán,人員,6
忍不住,ren bu zhu,rěn bù zhù,耐えられない,6
日常,richang,rìcháng,日常,6
日程,richeng,rìchéng,日程,6
日历,rili,rìlì,"日めくり,カレンダー",6
日期,riqi,rìqí,期日,6
日用品,riyongpin,rìyòngpǐn,日用品,6
融化,ronghua,rónghuà,解ける,6
荣幸,rongxing,róngxìng,光栄である,6
荣誉,rongyu,róngyù,栄誉,6
如何,ruhe,rúhé,どのように,6
如今,rujin,rújīn,今ごろ，現在,6
软件,ruanjian,ruǎnjiàn,ソフトウェア,6
弱,ruo,ruò,弱い,6
洒,sa,sǎ,（液体を）まく,6
嗓子,sangzi,sǎngzi,"喉,声",6
杀,sha,shā,殺す,6
沙漠,shamo,shāmò,砂漠,6
沙滩,shatan,shātān,砂浜,6
傻,sha,shǎ,愚かな,6
晒,shai,shài,（太陽が）照りつける,6
删除,shanchu,shānchú,削除する,6
闪电,shandian,shǎndiàn,稲妻,6
善良,shanliang,shànliáng,善良である,6
善于,shanyu,shànyú,…に優れている,6
扇子,shanzi,shànzi,扇子,6
商品,shangpin,shāngpǐn,商品,6
商业,shangye,shāngyè,商業,6
上当,shangdang,shàngdàng,だまされる,6
勺子,shaozi,sháozi,しゃくし,6
蛇,she,shé,蛇,6
舌头,shetou,shétou,舌,6
舍不得,shebude,shěbudé,別れるのがつらい,6
设备,shebei,shèbèi,設備,6
设计,sheji,shèjì,設計する,6
设施,sheshi,shèshī,施設,6
射击,sheji,shèjí,射撃,6
摄影,sheying,shèyǐng,写真を撮る,6
伸,shen,shēn,伸ばす,6
深刻,shenke,shēnkè,深い,6
身材,shencai,shēncái,体格,6
身份,shenfen,shēnfèn,身分,6
神话,shenhua,shénhuà,神話,6
神经,shenjing,shénjīng,神経,6
神秘,shenmi,shénmì,神秘的である,6
升,sheng,shēng,上がる,6
生产,shengchan,shēngchǎn,お産をする,6
生动,shengdong,shēngdòng,生き生きしている,6
声调,shengdiao,shēngdiào,（言葉・朗読の）調子,6
绳子,shengzi,shéngzi,縄,6
省略,shenglve,shěnglüè,省略する,6
胜利,shengli,shènglì,勝利する,6
诗,shi,shī,詩,6
失眠,shimian,shīmián,不眠になる,6
失去,shiqu,shīqù,失う,6
失业,shiye,shīyè,失業する,6
时代,shidai,shídài,時代,6
时刻,shike,shíkè,時間,6
时髦,shimao,shímáo,モダンである,6
时期,shiqi,shíqí,時期,6
时尚,shishang,shíshàng,時代の流行,6
实话,shihua,shíhuà,本当の話,6
实践,shijian,shíjiàn,実践する,6
实习,shixi,shíxí,実習,6
实现,shixian,shíxiàn,実現する,6
实行,shixing,shíxíng,実行する,6
实验,shiyan,shíyàn,実験,6
实用,shiyong,shíyòng,実際に用いる,6
食物,shiwu,shíwù,食物,6
石头,shitou,shítou,石,6
使劲儿,shijin er,shǐjìn er,力を入れる,6
始终,shizhong,shǐzhōng,初めから終わりまでの全部,6
是否,shifou,shìfǒu,…であるかどうか,6
试卷,shijuan,shìjuàn,答案用紙,6
士兵,shibing,shìbīng,兵士,6
似的,shi de,shì de,…のようである,6
事实,shishi,shìshí,事実,6
事物,shiwu,shìwù,事物,6
事先,shixian,shìxiān,事前,6
收获,shouhuo,shōuhuò,収穫する,6
收据,shouju,shōujù,領収書,6
手工,shougong,shǒugōng,手仕事,6
手术,shoushu,shǒushù,手術,6
手套,shoutao,shǒutào,手袋,6
手续,shouxu,shǒuxù,手続き,6
手指,shouzhi,shǒuzhǐ,手の指,6
受伤,shoushang,shòushāng,負傷する,6
寿命,shouming,shòumìng,寿命,6
书架,shujia,shūjià,本棚,6
输入,shuru,shūrù,"送り込む,輸入",6
蔬菜,shucai,shūcài,野菜,6
舒适,shushi,shūshì,心地よい,6
梳子,shuzi,shūzi,（髪・ひげをすく）くし,6
熟练,shulian,shúliàn,熟練している,6
鼠标,shubiao,shǔbiāo,（コンピューターの）マウス,6
属于,shuyu,shǔyú,…に属する,6
数据,shuju,shùjù,データ,6
数码,shuma,shùmǎ,数字,6
摔,shuai,shuāi,転ぶ,6
甩,shuai,shuǎi,勢いよく振る,6
双方,shuangfang,shuāngfāng,双方,6
税,shui,shuì,税金,6
说不定,shuo bu ding,shuō bu dìng,（見当がつかず）はっきりと言えない,6
说服,shuofu,shuōfú,説得する,6
撕,si,sī,裂く,6
丝绸,sichou,sīchóu,絹織物,6
丝毫,sihao,sīháo,極めて小さい,6
思考,sikao,sīkǎo,深く考える,6
思想,sixiang,sīxiǎng,思想,6
私人,siren,sīrén,個人,6
似乎,sihu,sìhū,まるで…のようだ,6
寺庙,simiao,sìmiào,寺院,6
宿舍,sushe,sùshè,宿舎,6
随时,suishi,suíshí,常に,6
碎,sui,suì,砕ける,6
损失,sunshi,sǔnshī,損失を出す,6
缩短,suoduan,suōduǎn,短縮する,6
缩小,suoxiao,suōxiǎo,縮小する,6
锁,suo,suǒ,錠,6
所,suo,suǒ,ところ，場所,6
所谓,suowei,suǒwèi,いうところの，いわゆる,6
塔,ta,tǎ,塔,6
台阶,taijie,táijiē,階段,6
太极拳,taiji quan,tàijí quán,太極拳,6
太太,taitai,tàitài,奥様,6
谈判,tanpan,tánpàn,交渉する,6
坦率,tanshuai,tǎnshuài,率直である,6
烫,tang,tàng,(やけどするほど)熱い,6
桃,tao,táo,桃,6
逃,tao,táo,逃げる,6
逃避,taobi,táobì,逃げる,6
套,tao,tào,"カバー,覆い",6
特殊,teshu,tèshū,特殊である,6
特意,teyi,tèyì,"わざわざ,特に",6
特征,tezheng,tèzhēng,特徴,6
疼爱,teng'ai,téng'ài,かわいがる,6
提,ti,tí,提げる,6
提倡,tichang,tíchàng,提唱する,6
提纲,tigang,tígāng,内容の要点,6
提问,tiwen,tíwèn,質問,6
题目,timu,tímù,題目,6
体会,tihui,tǐhuì,体得する,6
体积,tiji,tǐjī,体積,6
体贴,titie,tǐtiē,思いやる,6
体现,tixian,tǐxiàn,体現する,6
体验,tiyan,tǐyàn,体験する,6
天空,tiankong,tiānkōng,空,6
天真,tianzhen,tiānzhēn,無邪気である,6
田野,tianye,tiányě,田野,6
调皮,tiaopi,tiáopí,いたずらである,6
调整,tiaozheng,tiáozhěng,調整する,6
挑战,tiaozhan,tiǎozhàn,挑戦する,6
通常,tongchang,tōngcháng,普通の,6
通讯,tongxun,tōngxùn,通信する,6
铜,tong,tóng,銅,6
同时,tongshi,tóngshí,同時,6
统一,tongyi,tǒngyī,統一する,6
统治,tongzhi,tǒngzhì,統治する,6
痛苦,tongku,tòngkǔ,苦痛である,6
痛快,tongkuai,tòngkuài,愉快である,6
投资,touzi,tóuzī,投資,6
透明,touming,tòumíng,透明,6
突出,tuchu,túchū,際立たせる,6
土地,tudi,tǔdì,土地,6
土豆,tudou,tǔdòu,ジャガイモ,6
吐,tu,tǔ,吐く,6
兔子,tuzi,tùzǐ,ウサギ,6
团,tuan,tuán,丸い,6
推辞,tuici,tuīcí,断わる,6
推广,tuiguang,tuīguǎng,推し広める,6
推荐,tuijian,tuījiàn,推薦する,6
退,tui,tuì,退く,6
退步,tuibu,tuìbù,退歩する,6
退休,tuixiu,tuìxiū,退職する,6
歪,wai,wāi,ゆがんでいる,6
外交,waijiao,wàijiāo,外交,6
弯,wan,wān,曲がっている,6
完美,wanmei,wánměi,非の打ちどころがない,6
完善,wanshan,wánshàn,完備して優れている,6
完整,wanzheng,wánzhěng,すべて整っている,6
玩具,wanju,wánjù,おもちゃ,6
万一,wan yi,wàn yī,万一,6
王子,wangzi,wángzǐ,王子,6
往返,wangfan,wǎngfǎn,往復する,6
危害,weihai,wéihài,危険に陥れる,6
微笑,weixiao,wéixiào,微笑する,6
威胁,weixie,wēixié,威嚇する,6
违反,weifan,wéifǎn,違反する,6
维护,weihu,wéihù,擁護する,6
围巾,weijin,wéijīn,マフラー,6
围绕,weirao,wéirào,巡る,6
唯一,weiyi,wéiyī,唯一,6
尾巴,weiba,wěibā,しっぽ,6
伟大,weida,wěidà,偉大である,6
委屈,weiqu,wěiqu,悔しい,6
委托,weituo,wěituō,委託する,6
胃,wei,wèi,胃,6
位置,weizhi,wèizhì,位置,6
未必,weibi,wèibì,…であるとは限らない,6
未来,weilai,wèilái,未来,6
卫生间,weishengjian,wèishēngjiān,（総称的に）トイレやバスルーム，洗面所,6
温暖,wennuan,wēnnuǎn,暖かい,6
温柔,wen rou,wēn róu,穏やかである,6
闻,wen,wén,（においを）かぐ,6
文件,wenjian,wénjiàn,文書,6
文具,wenju,wénjù,文房具,6
文明,wenming,wénmíng,文明,6
文学,wenxue,wénxué,文学,6
吻,wen,wěn,キス,6
稳定,wending,wěndìng,安定している,6
问候,wenhou,wènhòu,ご機嫌を伺う,6
卧室,woshi,wòshì,寝室,6
屋子,wuzi,wūzi,部屋,6
无奈,wunai,wúnài,致し方ない,6
无数,wushu,wúshù,無数,6
武器,wuqi,wǔqì,武器,6
武术,wushu,wǔshù,武術,6
雾,wu,wù,霧,6
物理,wuli,wùlǐ,物理,6
物质,wuzhi,wùzhí,物質,6
吸收,xishou,xīshōu,吸収する,6
系,xi,xì,結ぶ,6
系统,xitong,xìtǒng,システム,6
细节,xijie,xìjié,細部,6
戏剧,xiju,xìjù,演劇,6
瞎,xia,xiā,盲目,6
吓,xia,xià,脅かす,6
下载,xiazai,xiàzài,ダウンロード,6
鲜艳,xianyan,xiānyàn,美しく鮮やかである,6
显得,xiande,xiǎndé,…のように見える,6
显然,xianran,xiǎnrán,明らかである,6
显示,xianshi,xiǎnshì,はっきりと示す,6
县,xian,xiàn,県,6
现金,xianjin,xiànjīn,現金,6
现实,xianshi,xiànshí,現実,6
现象,xianxiang,xiànxiàng,現象,6
相处,xiangchu,xiāngchǔ,生活・仕事を共にする,6
相当,xiangdang,xiāngdāng,相当する,6
相对,xiangdui,xiāngduì,向かい合っている,6
相关,xiangguan,xiāngguān,関連している,6
相似,xiangsi,xiāngsì,互いによく似ている,6
想念,xiangnian,xiǎngniàn,懐かしがる,6
想象,xiangxiang,xiǎngxiàng,想像,6
享受,xiangshou,xiǎngshòu,享受する,6
项,xiang,xiàng,うなじ,6
项链,xianglian,xiàngliàn,ネックレス,6
项目,xiangmu,xiàngmù,項目,6
橡皮,xiangpi,xiàngpí,ゴム,6
象棋,xiangqi,xiàngqí,中国将棋,6
象征,xiangzheng,xiàngzhēng,象徴する,6
消费,xiaofei,xiāofèi,消費する,6
消化,xiaohua,xiāohuà,消化する,6
消灭,xiaomie,xiāomiè,消滅する,6
消失,xiaoshi,xiāoshī,消失する,6
销售,xiaoshou,xiāoshòu,販売する,6
小吃,xiaochi,xiǎochī,手軽な料理,6
小伙子,xiaohuozi,xiǎohuǒzi,若い男子,6
小麦,xiaomai,xiǎomài,小麦,6
小气,xiaoqi,xiǎoqì,けちである,6
小偷,xiaotou,xiǎotōu,盗人,6
效率,xiaolu,xiàolǜ,効率,6
孝顺,xiaoshun,xiàoshùn,孝行する,6
歇,xie,xiē,休む,6
斜,xie,xié,斜めである,6
协调,xietiao,xiétiáo,調整する,6
心理,xinli,xīnlǐ,心理,6
心脏,xinzang,xīnzàng,心臓,6
欣赏,xinshang,xīnshǎng,鑑賞する,6
信封,xinfeng,xìnfēng,封筒,6
信号,xinhao,xìnhào,信号,6
信息,xinxi,xìnxī,消息,6
行动,xingdong,xíngdòng,動く,6
行人,xingren,xíngrén,通行人,6
行为,xingwei,xíngwéi,行為,6
形成,xingcheng,xíngchéng,形成する,6
形容,xingrong,xíngróng,"容貌,形容する",6
形式,xingshi,xíngshì,形式,6
形势,xingshi,xíngshì,"情勢,形勢",6
形象,xingxiang,xíngxiàng,イメージ,6
形状,xingzhuang,xíngzhuàng,形状,6
性质,xingzhi,xìngzhì,性質,6
幸亏,xingkui,xìngkuī,幸いにも,6
幸运,xingyun,xìngyùn,幸運,6
胸,xiong,xiōng,胸,6
兄弟,xiongdi,xiōngdì,兄弟,6
雄伟,xiongwei,xióngwěi,雄大である,6
修改,xiugai,xiūgǎi,改正する,6
休闲,xiuxian,xiūxián,"（土地を）遊ばせておく,余暇",6
虚心,xuxin,xūxīn,謙虚である,6
叙述,xushu,xùshù,記したり述べたりする,6
宣布,xuanbu,xuānbù,宣言する,6
宣传,xuanchuan,xuānchuán,宣伝する,6
选举,xuanju,xuǎnjǔ,選挙する,6
学期,xueqi,xuéqí,学期,6
学术,xueshu,xuéshù,学術,6
学问,xuewen,xuéwèn,学問,6
询问,xunwen,xúnwèn,質問する,6
寻找,xunzhao,xúnzhǎo,探す,6
训练,xunlian,xùnliàn,訓練する,6
迅速,xunsu,xùnsù,迅速である,6
延长,yanchang,yáncháng,延ばす,6
严肃,yansu,yánsù,厳粛である,6
宴会,yanhui,yànhuì,宴会,6
阳台,yangtai,yángtái,ベランダ,6
痒,yang,yǎng,かゆい,6
样式,yangshi,yàngshì,様式,6
腰,yao,yāo,腰,6
摇,yao,yáo,揺れる,6
咬,yao,yǎo,噛む,6
要不,yao bu,yào bù,さもなければ,6
要是,yao shi,yào shi,もし…なら,6
夜,ye,yè,夜,6
液体,yeti,yètǐ,液体,6
业务,yewu,yèwù,業務,6
业余,yeyu,yèyú,余暇の,6
依然,yiran,yīrán,依然としている,6
一辈子,yibeizi,yībèizi,生涯,6
一旦,yidan,yīdàn,一旦,6
一路平安,yilu ping'an,yīlù píng'ān,お気をつけて,6
一致,yizhi,yīzhì,一致している,6
移动,yidong,yídòng,移動する,6
移民,yimin,yímín,移民,6
遗憾,yihan,yíhàn,遺憾である,6
疑问,yiwen,yíwèn,疑問,6
乙,yi,yǐ,（配列順序の）2番め,6
以及,yiji,yǐjí,および,6
以来,yilai,yǐlái,…（して）以来,6
意外,yiwai,yìwài,意外である,6
意义,yiyi,yìyì,意味,6
议论,yilun,yìlùn,議論する,6
义务,yiwu,yìwù,義務,6
因而,yin'er,yīn'ér,それによって，従って,6
因素,yinsu,yīnsù,要素,6
银,yin,yín,銀,6
英俊,yingjun,yīngjùn,"才能がすぐれている,ハンサム",6
英雄,yingxiong,yīngxióng,英雄,6
迎接,yingjie,yíngjiē,出迎える,6
营养,yingyang,yíngyǎng,栄養,6
营业,yingye,yíngyè,営業する,6
影子,yingzi,yǐngzi,影,6
硬币,yingbi,yìngbì,硬貨,6
硬件,yingjian,yìngjiàn,ハードウェア,6
应付,yingfu,yìngfù,対処する,6
应聘,yingpin,yìngpìn,招聘に応じる,6
应用,yingyong,yìngyòng,使用する,6
拥抱,yongbao,yǒngbào,抱擁する,6
拥挤,yongji,yǒngjǐ,押し合う,6
勇气,yongqi,yǒngqì,勇気,6
用途,yongtu,yòngtú,用途,6
优惠,youhui,yōuhuì,特恵の,6
优美,youmei,yōuměi,美しい,6
优势,youshi,yōushì,優勢,6
悠久,youjiu,yōujiǔ,悠久である,6
邮局,youju,yóujú,郵便局,6
游览,youlan,yóulǎn,遊覧する,6
犹豫,youyu,yóuyù,ためらう,6
油炸,you zha,yóu zhá,油で揚げる,6
有利,youli,yǒulì,有利である,6
幼儿园,you'eryuan,yòu'éryuán,幼稚園,6
娱乐,yule,yúlè,娯楽,6
与其,yuqi,yǔqí,…する（である）よりは,6
语气,yuqi,yǔqì,話しぶり,6
宇宙,yuzhou,yǔzhòu,宇宙,6
预报,yubao,yùbào,予報する,6
预订,yuding,yùdìng,予約する,6
预防,yufang,yùfáng,予防する,6
玉米,yumi,yùmǐ,トウモロコシ,6
元旦,yuandan,yuándàn,元旦,6
缘故,yuangu,yuángù,"原因,わけ",6
原料,yuanliao,yuánliào,原料,6
原则,yuanze,yuánzé,原則,6
愿望,yuanwang,yuànwàng,願い,6
晕,yun,yūn,目がくらむ,6
运气,yunqi,yùnqì,運,6
运输,yunshu,yùnshū,輸送する,6
运用,yunyong,yùnyòng,運用する,6
灾害,zaihai,zāihài,災害,6
再三,zaisan,zàisān,再三,6
赞成,zancheng,zànchéng,賛成する,6
赞美,zanmei,zànměi,賛美する,6
糟糕,zaogao,zāogāo,（事柄や状況が）ひどく悪い,6
造成,zaocheng,zàochéng,引き起こす,6
则,ze,zé,規範,6
责备,zebei,zébèi,責める,6
摘,zhai,zhāi,摘み取る,6
粘贴,zhantie,zhāntiē,貼る,6
展开,zhankai,zhǎnkāi,広げる,6
展览,zhanlan,zhǎnlǎn,展覧する,6
占线,zhanxian,zhànxiàn,（電話が）話し中である,6
战争,zhanzheng,zhànzhēng,戦争,6
涨,zhang,zhǎng,上がる，増す,6
掌握,zhangwo,zhǎngwò,握る,6
账户,zhanghu,zhànghù,勘定,6
招待,zhaodai,zhāodài,抱き,6
着凉,zhaoliang,zháoliáng,風邪を引く,6
照常,zhaochang,zhàocháng,平常どおり,6
召开,zhaokai,zhàokāi,開催する,6
哲学,zhexue,zhéxué,哲学,6
真理,zhenli,zhēnlǐ,真理,6
真实,zhenshi,zhēnshí,真実である,6
针对,zhendui,zhēnduì,〜に焦点を合わせて,6
珍惜,zhenxi,zhēnxī,大切にする,6
诊断,zhenduan,zhěnduàn,診断する,6
枕头,zhentou,zhěntou,枕,6
阵,zhen,zhèn,陣立て,6
振动,zhendong,zhèndòng,振動する,6
睁,zheng,zhēng,目を開ける,6
争论,zhenglun,zhēnglùn,論争する,6
争取,zhengqu,zhēngqǔ,勝ち取る,6
征求,zhengqiu,zhēngqiú,求める,6
整个,zhengge,zhěnggè,丸ごとの,6
整体,zhengti,zhěngtǐ,全体,6
正,zheng,zhèng,まっすぐな,6
政策,zhengce,zhèngcè,政策,6
政府,zhengfu,zhèngfǔ,政府,6
政治,zhengzhi,zhèngzhì,政治,6
证件,zhengjian,zhèngjiàn,証明書,6
证据,zhengju,zhèngjù,証拠,6
挣钱,zheng qian,zhèng qián,お金を稼ぐ,6
支,zhi,zhī,支える,6
支票,zhipiao,zhīpiào,小切手,6
直,zhi,zhí,まっすぐである,6
执行,zhixing,zhíxíng,実行する,6
执照,zhizhao,zhízhào,許可証,6
指导,zhidao,zhǐdǎo,指導する,6
指挥,zhihui,zhǐhuī,指揮する,6
制定,zhiding,zhìdìng,制定する,6
制度,zhidu,zhìdù,制度,6
制作,zhizuo,zhìzuò,製作する,6
智慧,zhihui,zhìhuì,知恵,6
至今,zhijin,zhìjīn,今に至るまで,6
至于,zhiyu,zhìyú,（ある程度に）至る,6
治疗,zhiliao,zhìliáo,治療する,6
秩序,zhixu,zhìxù,秩序,6
志愿者,zhiyuan zhe,zhìyuàn zhě,ボランティア,6
钟,zhong,zhōng,鐘,6
中介,zhongjie,zhōngjiè,仲介,6
中心,zhongxin,zhōngxīn,中心,6
中旬,zhongxun,zhōngxún,中旬,6
重,zhong,zhòng,重ねる，重い,6
重量,zhongliang,zhòngliàng,重量,6
周到,zhoudao,zhōudào,行き届いている,6
逐步,zhubu,zhúbù,"一歩一歩と,次第に",6
竹子,zhuzi,zhúzi,竹,6
煮,zhu,zhǔ,煮る,6
主持,zhuchi,zhǔchí,主催する,6
主观,zhuguan,zhǔguān,主観,6
主人,zhuren,zhǔrén,（客に対し）主人,6
主席,zhuxi,zhǔxí,議長,6
主张,zhuzhang,zhǔzhāng,主張,6
嘱咐,zhufu,zhǔfù,言い聞かせる,6
祝福,zhufu,zhùfú,祝福する,6
注册,zhuce,zhùcè,登録する,6
抓紧,zhuajin,zhuājǐn,しっかりつかむ,6
专家,zhuanjia,zhuānjiā,専門家,6
专心,zhuanxin,zhuānxīn,専念している,6
转变,zhuanbian,zhuǎnbiàn,（考え・立場などが）変わる，変える,6
转告,zhuangao,zhuǎngào,伝言する,6
装,zhuang,zhuāng,扮装する,6
装饰,zhuangshi,zhuāngshì,装飾する,6
状况,zhuangkuang,zhuàngkuàng,状況,6
状态,zhuangtai,zhuàngtài,状態,6
追求,zhuiqiu,zhuīqiú,追求する,6
资格,zige,zīgé,資格,6
资金,zijin,zījīn,資金,6
资料,ziliao,zīliào,（生産・生活に必要な）資材，物資,6
资源,ziyuan,zīyuán,資源,6
姿势,zishi,zīshì,姿勢,6
咨询,zixun,zīxún,諮問する,6
紫,zi,zǐ,紫色の,6
字幕,zimu,zìmù,字幕,6
自从,zicong,zìcóng,（過去を起点として）…より，…から,6
自动,zidong,zìdòng,，自発的に,6
自豪,zihao,zìháo,誇りに思っている,6
自觉,zijue,zìjué,自覚する,6
自私,zisi,zìsī,利己的である,6
自信,zixin,zìxìn,自信,6
自由,ziyou,zìyóu,自由,6
自愿,ziyuan,zìyuàn,自ら希望する,6
综合,zonghe,zònghé,総合する,6
宗教,zongjiao,zōngjiào,宗教,6
总裁,zongcai,zǒngcái,責任者,6
总共,zonggong,zǒnggòng,全部で,6
总理,zongli,zǒnglǐ,総理，首相,6
总算,zongsuan,zǒngsuàn,ようやく，やっと，どうにか,6
总统,zongtong,zǒngtǒng,大統領,6
总之,zongzhi,zǒngzhī,要するに,6
组合,zuhe,zǔhé,組み合わせ,6
祖国,zuguo,zǔguó,祖国,6
祖先,zuxian,zǔxiān,祖先,6
阻止,zuzhi,zǔzhǐ,阻止する,6
醉,zui,zuì,酔う,6
最初,zuichu,zuìchū,最初の,6
罪犯,zuifan,zuìfàn,犯人,6
尊敬,zunjing,zūnjìng,尊敬する,6
遵守,zunshou,zūnshǒu,遵守する,6
作品,zuopin,zuòpǐn,作品,6
作为,zuowei,zuòwéi,行為,6
作文,zuowen,zuòwén,作文,6
