Id,Chinese,Pinyin,Pinyin_With_Tone,Japanese_Meaning,Hsk_Level
1,爱,ai,ài,愛する,1
2,八,ba,bā,八,1
3,爸爸,baba,bàba,お父さん,1
4,杯子,beizi,bēizi,コップ,1
5,北京,beijing,běijīng,北京,1
6,本,ben,běn,本・冊子,1
7,不,bu,bù,〜ない(否定),1
8,不客气,bukeqi,bùkèqì,どういたしまして,1
9,菜,cai,cài,料理,1
10,茶,cha,chá,お茶,1
11,吃,chi,chī,食べる,1
12,出租车,chuzuche,chūzūchē,タクシー,1
13,打电话,dadianhua,dǎdiànhuà,電話をする,1
14,大,da,dà,大きい,1
15,的,de,de,～の(所有・修飾を示す),1
16,点,dian,diǎn,〜時（時刻）。,1
17,电脑,diannao,diànnǎo,パソコン,1
18,电视,dianshi,diànshì,テレビ,1
19,电影,dianying,diànyǐng,映画,1
20,东西,dongxi,dōngxī,物（形があるもの）。,1
21,都,dou,dōu,すべて〜だ,1
22,读,du,dú,読む,1
23,对不起,duibuqi,duìbùqǐ,すみません,1
24,多,duo,duō,多い,1
25,多少,duoshao,duōshǎo,どの位,1
26,儿子,erzi,érzi,息子,1
27,二,er,èr,二,1
28,饭馆,fanguan,fànguǎn,レストラン,1
29,飞机,feiji,fēijī,航空機,1
30,分钟,fenzhong,fēnzhōng,分,1
31,高兴,gaoxing,gāoxìng,うれしい,1
32,个,ge,gè,個,1
33,工作,gongzuo,gōngzuò,仕事,1
34,狗,gou,gǒu,犬,1
35,汉语,hanyu,hànyǔ,中国語,1
36,好,hao,hǎo,良い,1
37,喝,he,hē,飲む,1
38,和,he,hé,と,1
39,很,hen,hěn,非常に,1
40,后面,houmian,hòumiàn,後ろ,1
41,回,hui,huí,帰る,1
42,会,hui,huì,できる,1
43,火车站,huochezhan,huǒchēzhàn,鉄道駅,1
44,几,ji,jǐ,いくつ,1
45,家,jia,jiā,家,1
46,叫,jiao,jiào,呼ぶ,1
47,今天,jintian,jīntiān,今日,1
48,九,jiu,jiǔ,九,1
49,开,kai,kāi,開ける,1
50,看,kan,kàn,見る,1
51,看见,kanjian,kànjiàn,見かける,1
52,块,kuai,kuài,元(通貨の単位),1
53,来,lai,lái,来る,1
54,老师,laoshi,lǎoshī,教師,1
55,了,le,le,状態変化・完了を表す助詞,1
56,冷,leng,lěng,冷たい,1
57,里,li,lǐ,〜の中,1
58,零,ling,líng,ゼロ,1
59,六,liu,liù,六,1
60,妈妈,mama,māmā,お母さん,1
61,吗,ma,ma,疑問を表す,1
62,买,mai,mǎi,購入する,1
63,猫,mao,māo,猫,1
64,没,mei,méi,ない、〜しなかった,1
65,没关系,meiguanxi,méiguānxì,大丈夫です,1
66,米饭,mifan,mǐfàn,ご飯,1
67,明天,mingtian,míngtiān,明日,1
68,名字,mingzi,míngzì,名前,1
69,哪,na,nǎ,どの、どんな,1
70,哪儿,naer,nǎ'er,どこ,1
71,那,na,nà,その,1
72,那儿,naer,nà'er,そこ,1
73,呢,ne,ne,疑問を表す表現,1
74,能,neng,néng,できる,1
75,你,ni,nǐ,あなた,1
76,年,nian,nián,年,1
77,女儿,nuer,nǚ'ér,娘,1
78,朋友,pengyou,péngyǒu,友人,1
79,漂亮,piaoliang,piàoliang,美しい,1
80,苹果,pingguo,píngguǒ,リンゴ,1
81,七,qi,qī,七,1
82,钱,qian,qián,お金,1
83,前面,qianmian,qiánmiàn,前,1
84,请,qing,qǐng,してください,1
85,去,qu,qù,行く,1
86,热,re,rè,熱い,1
87,人,ren,rén,人,1
88,认识,renshi,rènshì,知っている,1
89,日,ri,rì,日,1
90,三,san,sān,三,1
91,商店,shangdian,shāngdiàn,お店,1
92,上,shang,shàng,上,1
93,上午,shangwu,shàngwǔ,午前,1
94,少,shao,shǎo,少ない,1
95,谁,shei,shéi,誰,1
96,什么,shenme,shénme,何,1
97,十,shi,shí,十,1
98,时候,shihou,shíhòu,～の時,1
99,是,shi,shì,～である,1
100,书,shu,shū,本,1
101,水,shui,shuǐ,水,1
102,水果,shuiguo,shuǐguǒ,果物,1
103,睡觉,shuijiao,shuìjiào,寝る,1
104,说话,shuohua,shuōhuà,話す,1
105,四,si,sì,四,1
106,岁,sui,suì,歳,1
107,他,ta,tā,彼,1
108,她,ta,tā,彼女,1
109,太,tai,tài,とても,1
110,天气,tianqi,tiānqì,天気,1
111,听,ting,tīng,聞く,1
112,同学,tongxue,tóngxué,同級生,1
113,喂,wei,wèi,もしもし,1
114,我,wo,wǒ,私,1
115,我们,women,wǒmen,私たち,1
116,五,wu,wǔ,五,1
117,喜欢,xihuan,xǐhuān,好き,1
118,下,xia,xià,下,1
119,下午,xiawu,xiàwǔ,午後,1
120,下雨,xiayu,xiàyǔ,雨が降る,1
121,先生,xiansheng,xiānshēng,〜さん,1
122,现在,xianzai,xiànzài,今,1
123,想,xiang,xiǎng,思う,1
124,小,xiao,xiǎo,小さな,1
125,小姐,xiaojie,xiǎojiě,お嬢さん,1
126,些,xie,xiē,いくつか,1
127,写,xie,xiě,書く,1
128,谢谢,xiexie,xièxiè,ありがとう,1
129,星期,xingqi,xīngqí,週,1
130,学生,xuesheng,xuéshēng,学生,1
131,学习,xuexi,xuéxí,勉強する,1
132,学校,xuexiao,xuéxiào,学校,1
133,一,yi,yī,一,1
134,衣服,yifu,yīfú,服,1
135,医生,yisheng,yīshēng,医者,1
136,医院,yiyuan,yīyuàn,病院,1
137,椅子,yizi,yǐzi,椅子,1
138,有,you,yǒu,ある・いる・持っている,1
139,月,yue,yuè,月,1
140,在,zai,zài,どこどこで,1
141,再见,zaijian,zàijiàn,さようなら,1
142,怎么,zenme,zěnme,どのように,1
143,怎么样,zenmeyang,zěnmeyàng,どうですか？,1
144,这,zhe,zhè,これ,1
145,这儿,zheer,zhè'er,ここ,1
146,中国,zhongguo,zhōngguó,中国,1
147,中午,zhongwu,zhōngwǔ,正午,1
148,住,zhu,zhù,住んでいる,1
149,桌子,zhuozi,zhuōzi,机,1
150,字,zi,zì,字,1
151,昨天,zuotian,zuótiān,昨日,1
152,做,zuo,zuò,する,1
153,坐,zuo,zuò,座る,1
154,吧,ba,ba,でしょ？,2
155,白,bai,bái,白,2
156,百,bai,bǎi,百,2
157,帮助,bangzhu,bāngzhù,助ける,2
158,报纸,baozhi,bàozhǐ,新聞,2
159,比,bi,bǐ,比較して,2
160,别,bie,bié,しないでください,2
161,长,chang,cháng,長い,2
162,唱歌,changge,chànggē,歌を歌う,2
163,出,chu,chū,出る,2
164,穿,chuan,chuān,着る,2
165,船,chuan,chuán,船,2
166,次,ci,cì,次,2
167,从,cong,cóng,〜から,2
168,错,cuo,cuò,間違う,2
169,打篮球,dalanqiu,dǎlánqiú,バスケットボールをする,2
170,大家,dajia,dàjiā,みんな,2
171,但是,danshi,dànshì,しかし,2
172,到,dao,dào,〜へ,2
173,得,de,dé,～することができる,2
174,等,deng,děng,待つ,2
175,弟弟,didi,dìdì,弟,2
176,第一,diyi,dìyī,最初の,2
177,懂,dong,dǒng,理解する,2
178,对,dui,duì,正しい,2
179,房间,fangjian,fángjiān,部屋,2
180,非常,feichang,fēicháng,非常に,2
181,服务员,fuwuyuan,fúwùyuán,店員,2
182,高,gao,gāo,高い,2
183,告诉,gaosu,gàosù,伝える,2
184,哥哥,gege,gēgē,兄,2
185,给,gei,gěi,与える,2
186,公共汽车,gonggongqiche,gōnggòngqìchē,バス,2
187,公斤,gongjin,gōngjīn,キログラム,2
188,公司,gongsi,gōngsī,会社,2
189,贵,gui,guì,値段が高い,2
190,过,guo,guò,過ぎる,2
191,还,hai,hái,さらに,2
192,孩子,haizi,háizi,子供,2
193,好吃,haochi,hǎochī,美味しい,2
194,号,hao,hào,番号,2
195,黑,hei,hēi,黒,2
196,红,hong,hóng,赤,2
197,欢迎,huanying,huānyíng,歓迎する,2
198,回答,huida,huídá,答える,2
199,机场,jichang,jīchǎng,空港,2
200,鸡蛋,jidan,jīdàn,卵,2
201,件,jian,jiàn,着(上着の量詞),2
202,教室,jiaoshi,jiàoshì,教室,2
203,姐姐,jiejie,jiějiě,お姉ちゃん,2
204,介绍,jieshao,jièshào,紹介する,2
205,进,jin,jìn,入る,2
206,近,jin,jìn,近い,2
207,就,jiu,jiù,すぐに,2
208,觉得,juede,juéde,思う、感じる,2
209,咖啡,kafei,kāfēi,コーヒー,2
210,开始,kaishi,kāishǐ,始める,2
211,考试,kaoshi,kǎoshì,試験,2
212,可能,keneng,kěnéng,かもしれない,2
213,可以,keyi,kěyǐ,できる,2
214,课,ke,kè,授業,2
215,快,kuai,kuài,速い,2
216,快乐,kuaile,kuàilè,幸せ,2
217,累,lei,lèi,疲れる,2
218,离,li,lí,〜から,2
219,两,liang,liǎng,二,2
220,路,lu,lù,道路,2
221,旅游,luyou,lǚyóu,旅行,2
222,卖,mai,mài,売る,2
223,慢,man,màn,遅い,2
224,忙,mang,máng,忙しい,2
225,每,mei,měi,毎～、各～,2
226,妹妹,meimei,mèimei,妹,2
227,门,men,mén,扉,2
228,男人,nanren,nánrén,男,2
229,您,nin,nín,あなた(敬語),2
230,牛奶,niunai,niúnǎi,牛乳,2
231,女人,nuren,nǚrén,女,2
232,旁边,pangbian,pángbiān,隣,2
233,跑步,paobu,pǎobù,ジョギングする・走る,2
234,便宜,pianyi,piányi,安い,2
235,票,piao,piào,チケット,2
236,妻子,qizi,qīzi,妻,2
237,起床,qichuang,qǐchuáng,起きる,2
238,千,qian,qiān,千,2
239,晴,qing,qíng,晴れ,2
240,去年,qunian,qùnián,昨年,2
241,让,rang,ràng,させる,2
242,上班,shangban,shàngbān,出勤する,2
243,身体,shenti,shēntǐ,体,2
244,生病,shengbing,shēngbìng,病気になる,2
245,生日,shengri,shēngrì,誕生日,2
246,时间,shijian,shíjiān,時間,2
247,事情,shiqing,shìqíng,事,2
248,手表,shoubiao,shǒubiǎo,腕時計,2
249,手机,shouji,shǒujī,携帯電話,2
250,送,song,sòng,送る、届ける,2
251,所以,suoyi,suǒyǐ,だから,2
252,它,ta,tā,それ（動物・物）,2
253,踢足球,tizuqiu,tīzúqiú,サッカーをする,2
254,题,ti,tí,問題,2
255,跳舞,tiaowu,tiàowǔ,踊る,2
256,外,wai,wài,外,2
257,完,wan,wán,完成する,2
258,玩,wan,wán,遊ぶ,2
259,晚上,wanshang,wǎnshàng,夜,2
260,为什么,weisheme,wèishéme,なぜ,2
261,问,wen,wèn,尋ねる,2
262,问题,wenti,wèntí,問題,2
263,西瓜,xigua,xīguā,スイカ,2
264,希望,xiwang,xīwàng,望む,2
265,洗,xi,xǐ,洗う,2
266,向,xiang,xiàng,へ,2
267,小时,xiaoshi,xiǎoshí,時間(〇時間),2
268,笑,xiao,xiào,笑う,2
269,新,xin,xīn,新しい,2
270,姓,xing,xìng,姓,2
271,休息,xiuxi,xiūxi,休憩,2
272,雪,xue,xuě,雪,2
273,颜色,yanse,yánsè,色,2
274,眼睛,yanjing,yǎnjīng,目,2
275,羊肉,yangrou,yángròu,羊肉,2
276,药,yao,yào,薬,2
277,要,yao,yào,要求する,2
278,也,ye,yě,～も、また,2
279,已经,yijing,yǐjīng,もう既に,2
280,一起,yiqi,yìqǐ,一緒に,2
281,意思,yisi,yìsi,意味,2
282,阴,yin,yīn,曇り,2
283,因为,yinwei,yīnwèi,なぜなら,2
284,游泳,youyong,yóuyǒng,泳ぐ,2
285,右边,youbian,yòubiān,右,2
286,鱼,yu,yú,魚,2
287,元,yuan,yuán,中国のお金の単位,2
288,远,yuan,yuǎn,遠い,2
289,运动,yundong,yùndòng,運動,2
290,再,zai,zài,再び,2
291,早上,zaoshang,zǎoshang,朝,2
292,张,zhang,zhāng,枚,2
293,丈夫,zhangfu,zhàngfū,夫,2
294,找,zhao,zhǎo,探す,2
295,着,zhe,zhe,～している(進行・状態),2
296,真,zhen,zhēn,本当に,2
297,正在,zhengzai,zhèngzài,まさに〜している,2
298,知道,zhidao,zhīdào,知っている,2
299,准备,zhunbei,zhǔnbèi,準備をする,2
300,自行车,zixingche,zìxíngchē,自転車,2
301,走,zou,zǒu,歩く,2
302,最,zui,zuì,最も,2
303,左边,zuobian,zuǒbiān,左,2
307,阿姨,ayi,āyí,おばさん,3
308,啊,a,a,(文末で)〜だね、〜よ,3
309,矮,ai,ǎi,(背が)低い,3
310,爱好,aihao,àihào,趣味,3
311,安静,anjing,ānjìng,静か,3
312,把,ba,bǎ,握る、つかむ,3
313,班,ban,bān,クラス、組,3
314,搬,ban,bān,動く、運ぶ,3
315,半,ban,bàn,半分,3
316,办法,banfa,bànfǎ,方法,3
317,办公室,bangongshi,bàngōngshì,事務所,3
318,帮忙,bangmang,bāngmáng,助ける,3
319,包,bao,bāo,包む,3
320,饱,bao,bǎo,満腹,3
321,北方,beifang,běifāng,北,3
322,被,bei,bèi,〜によって〜される,3
323,鼻子,bizi,bízi,鼻,3
324,比较,bijiao,bǐjiào,比較する,3
325,比赛,bisai,bǐsài,試合,3
326,必须,bixu,bìxū,しなければならない,3
327,变化,bianhua,biànhuà,変化,3
328,表示,biaoshi,biǎoshì,表現する,3
329,表演,biaoyan,biǎoyǎn,演じる,3
330,别人,bieren,biérén,別の人,3
331,宾馆,binguan,bīnguǎn,ホテル,3
332,冰箱,bingxiang,bīngxiāng,冷蔵庫,3
333,才,cai,cái,やっと、わずか～だけ,3
334,菜单,caidan,càidān,メニュー表,3
335,参加,canjia,cānjiā,参加する,3
336,草,cao,cǎo,草,3
337,层,ceng,céng,層、階,3
338,差,cha,chà,違い,3
339,超市,chaoshi,chāoshì,スーパーマーケット,3
340,衬衫,chenshan,chènshān,シャツ,3
341,成绩,chengji,chéngjī,成績,3
342,城市,chengshi,chéngshì,街,3
343,迟到,chidao,chídào,遅れる,3
344,出现,chuxian,chūxiàn,現れる,3
345,厨房,chufang,chúfáng,キッチン,3
346,除了,chule,chúle,〜以外、〜を除いて,3
347,春,chun,chūn,春,3
348,词语,ciyu,cíyǔ,単語,3
349,聪明,congming,cōngmíng,賢い,3
350,打扫,dasao,dǎsǎo,掃除する,3
351,打算,dasuan,dǎsuàn,するつもり,3
352,带,dai,dài,持って,3
353,担心,danxin,dānxīn,心配,3
354,蛋糕,dangao,dàngāo,ケーキ,3
355,当然,dangran,dāngrán,当然、もちろん,3
356,地,de,de,地面・土地,3
357,灯,deng,dēng,灯り,3
358,低,di,dī,低い,3
359,地方,difang,dìfāng,場所,3
360,地铁,ditie,dìtiě,地下鉄,3
361,地图,ditu,dìtú,地図,3
362,电梯,dianti,diàntī,エレベーター,3
363,电子邮件,dianziyoujian,diànzǐyóujiàn,Eメール,3
364,东,dong,dōng,東,3
365,冬,dong,dōng,冬,3
366,动物,dongwu,dòngwù,動物,3
367,短,duan,duǎn,短い,3
368,段,duan,duàn,長いものの一部分を数える量詞,3
369,锻炼,duanlian,duànliàn,鍛える、鍛錬,3
370,多么,duome,duōme,なんと,3
371,饿,e,è,空腹,3
372,而且,erqie,érqiě,さらに,3
373,耳朵,erduo,ěrduō,耳,3
374,发烧,fashao,fāshāo,熱が出る,3
375,发现,faxian,fāxiàn,発見,3
376,方便,fangbian,fāngbiàn,便利,3
377,放,fang,fàng,離す、入れる,3
378,放心,fangxin,fàngxīn,安心する,3
379,分,fen,fēn,分ける、分,3
380,附近,fujin,fùjìn,近く,3
381,复习,fuxi,fùxí,復習する,3
382,干净,ganjing,gānjìng,清潔,3
383,敢,gan,gǎn,敢えて,3
384,感冒,ganmao,gǎnmào,風邪をひく,3
385,刚才,gangcai,gāngcái,さっき,3
386,跟,gen,gēn,とともに,3
387,根据,genju,gēnjù,〜によると,3
388,更,geng,gèng,もっと,3
389,公园,gongyuan,gōngyuán,公園,3
390,故事,gushi,gùshì,物語,3
391,刮风,guafeng,guā fēng,風が吹く,3
392,关,guan,guān,閉める,3
393,关系,guanxi,guānxì,関係,3
394,关心,guanxin,guānxīn,関心を持つ,3
395,关于,guanyu,guānyú,に関して,3
396,国家,guojia,guójiā,国,3
397,果汁,guozhi,guǒzhī,フルーツジュース,3
398,过去,guoqu,guòqù,過去,3
399,还是,haishi,háishì,それとも、やはり,3
400,害怕,haipa,hàipà,怖い,3
401,河,he,hé,川,3
402,黑板,heiban,hēibǎn,黒板,3
403,护照,huzhao,hùzhào,パスポート,3
404,花,hua,huā,花,3
405,花园,huayuan,huāyuán,庭園,3
406,画,hua,huà,絵,3
407,坏,huai,huài,悪い,3
409,环境,huanjing,huánjìng,環境,3
410,换,huan,huàn,変える,3
411,黄,huang,huáng,黄色,3
412,会议,huiyi,huìyì,会議,3
413,或者,huozhe,huòzhě,もしくは,3
414,几乎,jihu,jīhū,ほとんど,3
415,机会,jihui,jīhuì,機会,3
416,极,ji,jí,極み、頂点,3
417,记得,jide,jìdé,思い出す,3
418,季节,jijie,jìjié,季節,3
419,检查,jiancha,jiǎnchá,検査,3
420,简单,jiandan,jiǎndān,簡単,3
421,健康,jiankang,jiànkāng,健康,3
422,见面,jianmian,jiànmiàn,会う,3
423,讲,jiang,jiǎng,話す,3
424,教,jiao,jiào,教える,3
425,脚,jiao,jiǎo,足,3
426,角,jiao,jiǎo,通貨単位(10分の1元),3
427,接,jie,jiē,(電話に)出る、(人を)迎える。,3
428,街道,jiedao,jiēdào,道,3
429,结婚,jiehun,jiéhūn,結婚,3
430,结束,jieshu,jiéshù,終わる,3
431,节目,jiemu,jiémù,出し物、プログラム,3
432,节日,jieri,jiérì,休日,3
433,解决,jiejue,jiějué,解決する,3
434,借,jie,jiè,借りる,3
435,经常,jingchang,jīngcháng,いつも、しょっちゅう,3
436,经过,jingguo,jīngguò,経過する、過ぎる,3
437,经理,jingli,jīnglǐ,マネージャー,3
438,久,jiu,jiǔ,長い時間,3
439,旧,jiu,jiù,古い,3
440,举行,juxing,jǔxíng,執り行なう,3
441,句子,juzi,jùzi,文,3
442,决定,jueding,juédìng,決める,3
443,渴,ke,kě,喉が渇く,3
444,可爱,keai,kě'ài,愛らしい,3
445,刻,ke,kè,15分,3
446,客人,keren,kèrén,客、ゲスト,3
447,空调,kongtiao,kōngtiáo,空調,3
448,口,kou,kǒu,口,3
449,哭,ku,kū,泣く,3
450,裤子,kuzi,kùzi,パンツ,3
451,筷子,kuaizi,kuàizi,箸,3
452,蓝,lan,lán,青い,3
453,老,lao,lǎo,老いている,3
454,离开,likai,líkāi,去る、離れる,3
455,礼物,liwu,lǐwù,ギフト,3
456,历史,lishi,lìshǐ,歴史,3
457,脸,lian,liǎn,顔,3
458,练习,lianxi,liànxí,練習,3
459,辆,liang,liàng,両(車の量詞),3
460,了解,liaojie,liǎojiě,理解する,3
461,邻居,linju,línjū,隣人,3
462,楼,lou,lóu,階,3
463,绿,lu,lǜ,緑,3
464,马,ma,mǎ,馬,3
465,满意,manyi,mǎnyì,満足する,3
466,帽子,maozi,màozi,帽子,3
467,米,mi,mǐ,米,3
468,面包,mianbao,miànbāo,パン,3
469,面条,miantiao,miàntiáo,麺,3
470,明白,mingbai,míngbái,理解する,3
471,拿,na,ná,取る,3
472,奶奶,nainai,nǎinai,祖母,3
473,南,nan,nán,南,3
474,难,nan,nán,難しい,3
475,難過,nanguo,nánguò,悲しい,3
476,年级,nianji,niánjí,学年,3
477,年轻,nianqing,niánqīng,若い,3
478,鸟,niao,niǎo,鳥,3
479,努力,nuli,nǔlì,努力,3
480,爬山,pashan,páshān,山に登る,3
481,盘子,panzi,pánzi,皿,3
482,胖,pang,pàng,太っている,3
483,啤酒,pijiu,píjiǔ,ビール,3
484,葡萄,putao,pútáo,葡萄,3
485,普通话,putonghua,pǔtōnghuà,標準語,3
486,其实,qishi,qíshí,実際,3
487,其他,qita,qítā,他の,3
488,骑,qi,qí,乗る,3
489,铅笔,qianbi,qiānbǐ,鉛筆,3
490,清楚,qingchu,qīngchǔ,はっきりしている,3
491,秋,qiu,qiū,秋,3
492,奇怪,qiguai,qíguài,奇妙,3
493,裙子,qunzi,qúnzi,スカート,3
494,然后,ranhou,ránhòu,それから,3
495,热情,reqing,rèqíng,熱意,3
496,认为,renwei,rènwéi,思う,3
497,认真,renzhen,rènzhēn,真剣,3
498,容易,rongyi,róngyì,簡単,3
499,如果,ruguo,rúguǒ,もし,3
500,伞,san,sǎn,傘,3
501,上网,shangwang,shàngwǎng,ネットをする,3
502,生气,shengqi,shēngqì,怒る,3
503,声音,shengyin,shēngyīn,音,3
504,使,shi,shǐ,〜させる（使役）。,3
505,世界,shijie,shìjiè,世界,3
506,瘦,shou,shòu,やせている,3
507,舒服,shufu,shūfú,心地よい、快適,3
508,叔叔,shushu,shūshu,おじさん,3
509,树,shu,shù,木,3
510,数学,shuxue,shùxué,数学,3
511,刷牙,shuaya,shuāyá,歯を磨く,3
512,双,shuang,shuāng,2つの、対の,3
513,水平,shuiping,shuǐpíng,レベル、水準,3
514,司机,siji,sījī,運転手,3
515,虽然,suiran,suīrán,〜にもかかわらず,3
516,太阳,taiyang,tàiyáng,太陽,3
517,糖,tang,táng,砂糖,3
518,特别,tebie,tèbié,特別な,3
519,疼,teng,téng,痛い,3
520,提高,tigao,tígāo,上げる、高める,3
521,体育,tiyu,tǐyù,体育,3
522,甜,tian,tián,甘い,3
523,条,tiao,tiáo,細長い物を数える量詞,3
524,同事,tongshi,tóngshì,同僚,3
525,同意,tongyi,tóngyì,一致する,3
526,头发,toufa,tóufa,髪,3
527,突然,turan,tūrán,突然,3
528,图书馆,tushuguan,túshūguǎn,図書館,3
529,腿,tui,tuǐ,足,3
530,完成,wancheng,wánchéng,完成する,3
531,碗,wan,wǎn,お椀,3
532,万,wan,wàn,万,3
533,忘记,wangji,wàngjì,忘れる,3
534,为,wei,wèi,のために,3
535,为了,weile,wèile,するために,3
536,位,wei,wèi,人(敬称・量詞),3
537,文化,wenhua,wénhuà,文化,3
538,西,xi,xī,西,3
539,习惯,xiguan,xíguàn,習慣,3
540,洗手间,xishoujian,xǐshǒujiān,トイレ,3
541,洗澡,xizao,xǐzǎo,入浴,3
542,夏,xia,xià,夏,3
543,先,xian,xiān,先、最初,3
544,香蕉,xiangjiao,xiāngjiāo,バナナ,3
545,相同,xiangtong,xiāngtóng,同じ,3
546,相信,xiangxin,xiāngxìn,信じる,3
547,像,xiang,xiàng,のような,3
548,小心,xiaoxin,xiǎoxīn,気を付ける,3
549,校长,xiaozhang,xiàozhǎng,校長,3
550,鞋,xie,xié,靴,3
551,新闻,xinwen,xīnwén,ニュース,3
552,新鲜,xinxian,xīnxiān,新鮮,3
553,信,xin,xìn,手紙,3
554,行李箱,xinglixiang,xínglǐxiāng,トランクケース,3
555,兴趣,xingqu,xìngqù,関心、興味,3
556,熊猫,xiongmao,xióngmāo,パンダ,3
557,需要,xuyao,xūyào,必要,3
558,选择,xuanze,xuǎnzé,選択する、選ぶ,3
559,眼镜,yanjing,yǎnjìng,眼鏡,3
560,要求,yaoqiu,yāoqiú,要求する,3
561,爷爷,yeye,yéye,祖父,3
562,一定,yiding,yídìng,絶対,3
563,一共,yigong,yígòng,合計で、合わせて,3
564,一会儿,yihuier,yìhuǐ'er,しばらく,3
565,一样,yiyang,yíyàng,同じ、同様である,3
566,以后,yihou,yǐhòu,以後、その後,3
567,以前,yiqian,yǐqián,以前、これまで,3
568,以为,yiwei,yǐwéi,認める、考える,3
569,一般,yiban,yìbān,普通の、一般的な,3
570,一边,yibian,yìbiān,一方、片方,3
571,一直,yizhi,yìzhí,ずっと,3
572,音乐,yinyue,yīnyuè,音楽,3
573,银行,yinhang,yínháng,銀行,3
574,应该,yinggai,yīnggāi,すべき,3
575,影响,yingxiang,yǐngxiǎng,影響を及ぼす,3
576,用,yong,yòng,使う,3
577,游戏,youxi,yóuxì,ゲーム,3
578,有名,youming,yǒumíng,有名,3
579,又,you,yòu,また,3
580,遇到,yudao,yùdào,出会う,3
581,愿意,yuanyi,yuànyì,〜したいと思う、喜んで〜する,3
582,月亮,yueliang,yuèliàng,月,3
583,越,yue,yuè,越える,3
584,云,yun,yún,雲,3
585,站,zhan,zhàn,立つ,3
586,长,zhang,zhǎng,年長の,3
587,着急,zhaoji,zhāojí,心配,3
588,照顾,zhaogu,zhàogù,世話をする,3
589,照片,zhaopian,zhàopiàn,写真,3
590,照相机,zhaoxiangji,zhàoxiàngjī,カメラ,3
591,只,zhi,zhǐ,のみ,3
592,中间,zhongjian,zhōngjiān,真ん中,3
593,终于,zhongyu,zhōngyú,遂に、最終的に,3
594,种,zhong,zhǒng,種類,3
595,重要,zhongyao,zhòngyào,重要,3
596,周末,zhoumo,zhōumò,週末,3
597,主要,zhuyao,zhǔyào,主要,3
598,祝,zhu,zhù,祝う,3
599,注意,zhuyi,zhùyì,注意する,3
600,字典,zidian,zìdiǎn,辞書,3
601,自己,ziji,zìjǐ,自分の,3
602,総是,zongshi,zǒngshì,いつも,3
603,最近,zuijin,zuìjìn,最近,3
604,作业,zuoye,zuòyè,宿題,3
605,作用,zuoyong,zuòyòng,作用,3
606,爱情,aiqing,àiqíng,愛,4
607,安排,anpai,ānpái,手配する、スケジュールを組む。,4
608,安全,anquan,ānquán,安全,4
609,暗,an,àn,暗い,4
610,按时,anshi,ànshí,時間通りに,4
611,按照,anzhao,ànzhào,〜によると,4
612,包括,baokuo,bāokuò,含む,4
613,保护,baohu,bǎohù,保護,4
614,保证,baozheng,bǎozhèng,保証,4
615,抱,bao,bào,抱える,4
616,抱歉,baoqian,bàoqiàn,すみません,4
617,报道,baodao,bàodào,報道する,4
618,报名,baoming,bàomíng,登録する,4
619,倍,bei,bèi,倍,4
620,本来,benlai,běnlái,本来、元々,4
621,笨,ben,bèn,頭が悪い・不器用,4
622,笔记本,bijiben,bǐjìběn,ノート,4
623,毕业,biye,bìyè,卒業,4
624,遍,bian,biàn,あまねく、くまなく,4
625,标准,biaozhun,biāozhǔn,標準,4
626,表达,biaoda,biǎodá,表わす、示す,4
627,表格,biaoge,biǎogé,表、フォーム,4
628,表扬,biaoyang,biǎoyáng,表彰する,4
629,饼干,binggan,bǐnggān,ビスケット、クッキー,4
630,并且,bingqie,bìngqiě,その他に,4
631,博士,boshi,bóshì,博士,4
632,不但,budan,búdàn,〜だけでなく,4
633,不过,buguo,búguò,但し,4
634,不得不,budebu,bùdébù,しなければなりません,4
635,不管,buguan,bùguǎn,にもかかわらず,4
636,不仅,bujin,bùjǐn,だけでなく,4
637,部分,bufen,bùfèn,部分,4
638,擦,ca,cā,拭く,4
639,猜,cai,cāi,推測する・当てる,4
640,材料,cailiao,cáiliào,材料,4
641,参观,canguan,cānguān,見学する,4
642,差不多,chabuduo,chàbùduō,殆ど,4
643,尝,chang,cháng,味見する,4
644,长城,changcheng,chángchéng,万里の長城,4
645,长江,changjiang,chángjiāng,揚子江,4
646,场,chang,chǎng,場所,4
647,超过,chaoguo,chāoguò,超える,4
648,吵,chao,chǎo,騒々しい、うるさい,4
649,成功,chenggong,chénggōng,成功,4
650,成熟,chengshu,chéngshú,成熟,4
651,成为,chengwei,chéngwéi,になる,4
652,诚实,chengshi,chéngshí,誠実、正直,4
653,乘坐,chengzuo,chéngzuò,乗る,4
654,吃惊,chijing,chījīng,驚く,4
655,重新,chongxin,chóngxīn,重ねて、もう一度,4
656,抽烟,chouyan,chōuyān,喫煙,4
657,出差,chuchai,chūchāi,出張,4
658,出发,chufa,chūfā,出発,4
659,出生,chusheng,chūshēng,生れる,4
660,传真,chuanzhen,chuánzhēn,ファックス,4
661,窗户,chuanghu,chuānghù,窓,4
662,词典,cidian,cídiǎn,辞書,4
663,从来,conglai,cónglái,これまでずっと,4
664,粗心,cuxin,cūxīn,注意深くない、そそっかしい,4
665,答案,daan,dá'àn,答え,4
666,打扮,daban,dǎbàn,身支度する、着飾る,4
667,打扰,darao,dǎrǎo,邪魔する、迷惑をかける,4
668,打印,dayin,dǎyìn,印刷する,4
669,打折,dazhe,dǎzhé,割引する,4
670,打针,dazhen,dǎzhēn,注射をする,4
671,大概,dagai,dàgài,大体の、おおよその,4
672,大使馆,dashiguan,dàshǐguǎn,大使館,4
673,大约,dayue,dàyuē,大体、およそ,4
674,戴,dai,dài,着る,4
675,代表,daibiao,dàibiǎo,代表,4
676,代替,daiti,dàitì,代える、代わりをする,4
677,大夫,dafu,dàfū,医師,4
678,当,dang,dāng,〜になる、〜を務める。,4
679,当地,dangdi,dāngdì,地元,4
680,当时,dangshi,dāngshí,その時,4
681,刀,dao,dāo,ナイフ,4
682,导游,daoyou,dǎoyóu,ツアーガイド,4
683,到处,daochu,dàochù,至るところ、どこでも,4
684,到底,daodi,dàodǐ,とうとう、ついに,4
685,道歉,daoqian,dàoqiàn,わびる、おわびを言う,4
686,得意,deyi,déyì,得意になる、したり顔をする,4
689,底,di,dǐ,底・一番下,4
690,地球,diqiu,dìqiú,地球,4
691,地址,dizhi,dìzhǐ,住所,4
692,掉,diao,diào,落とす,4
693,调查,diaocha,diàochá,調査,4
694,丢,diu,diū,失くす、捨てる。,4
695,动作,dongzuo,dòngzuò,動作、アクション,4
696,堵车,duche,dǔchē,交通渋滞,4
697,肚子,duzi,dùzi,腹,4
698,断,duan,duàn,断つ,4
699,对,dui,duì,正しい,4
700,对话,duihua,duìhuà,対話,4
701,对面,duimian,duìmiàn,逆の,4
702,顿,dun,dùn,止まる,4
703,朵,duo,duǒ,(花の数を数える)量詞,4
704,而,er,ér,〜と,4
705,儿童,ertong,értóng,子供,4
706,发,fa,fā,出す・発する・配る,4
707,发生,fasheng,fāshēng,発生する,4
708,发展,fazhan,fāzhǎn,発展,4
709,法律,falu,fǎlǜ,法律,4
710,翻译,fanyi,fānyì,翻訳,4
711,烦恼,fannao,fánnǎo,思い悩む、思い煩う,4
712,反对,fandui,fǎnduì,反対,4
713,反应,fanying,fǎnyìng,反応,4
714,范围,fanwei,fànwéi,範囲,4
715,方法,fangfa,fāngfǎ,方法,4
716,方面,fangmian,fāngmiàn,方面、領域,4
717,方向,fangxiang,fāngxiàng,方向,4
718,访问,fangwen,fǎngwèn,訪れる,4
719,放弃,fangqi,fàngqì,諦める,4
720,放暑假,fangshujia,fàngshǔjià,夏休み,4
721,〜分之〜,fenzhi,〜fēnzhī〜,〜分の〜 (分数を表す),4
722,份,fen,fèn,〜人分の、〜人前の,4
723,丰富,fengfu,fēngfù,豊富,4
724,风景,fengjing,fēngjǐng,風景,4
725,否则,fouze,fǒuzé,さもなければ,4
726,符合,fuhe,fúhé,ぴったり合う、合致する,4
727,富,fu,fù,豊か,4
728,父亲,fuqin,fùqīn,お父さん,4
729,复印,fuyin,fùyìn,コピー,4
730,复杂,fuza,fùzá,複雑,4
731,负责,fuze,fùzé,責任を負う,4
732,改变,gaibian,gǎibiàn,変更する,4
733,干杯,ganbei,gānbēi,乾杯,4
734,干燥,ganzao,gānzào,乾燥,4
735,感動,gandong,gǎndòng,感動する,4
736,感觉,ganjue,gǎnjué,感じる,4
737,感情,ganqing,gǎnqíng,気持ち、感情,4
738,感谢,ganxie,gǎnxiè,感謝,4
739,干,gan,gàn,仕事をする・やる,4
740,刚刚,ganggang,gānggāng,ついさっき、たったいま,4
741,高级,gaoji,gāojí,高い、高級な,4
742,各,ge,gè,各,4
743,个子,gezi,gèzi,身長、背格好,4
744,公里,gongli,gōnglǐ,キロ、km,4
745,工具,gongju,gōngjù,工具,4
746,工资,gongzi,gōngzī,賃金,4
747,共同,gongtong,gòngtóng,共同の、共通の,4
748,够,gou,gòu,十分に,4
749,购物,gouwu,gòuwù,ショッピング,4
750,孤单,gudan,gūdān,孤独,4
751,估计,guji,gūjì,推量する、見積もる,4
752,鼓励,guli,gǔlì,激励する、励ます,4
753,鼓掌,guzhang,gǔzhǎng,拍手,4
754,顾客,guke,gùkè,顧客,4
755,故意,guyi,gùyì,わざと,4
756,挂,gua,guà,掛ける、つるす,4
757,关键,guanjian,guānjiàn,要、鍵,4
758,观众,guanzhong,guānzhòng,聴衆,4
759,管理,guanli,guǎnlǐ,管理,4
760,光,guang,guāng,光・〜だけ,4
761,广播,guangbo,guǎngbō,放送,4
762,广告,guanggao,guǎnggào,広告,4
763,逛,guang,guàng,ぶらぶら歩く,4
764,规定,guiding,guīdìng,規定,4
765,国际,guoji,guójì,国際,4
766,果然,guoran,guǒrán,案の定,4
767,过,guo,guò,～したことがある(経験),4
768,过程,guocheng,guòchéng,プロセス、過程,4
769,海洋,haiyang,hǎiyáng,海洋,4
770,害羞,haixiu,hàixiū,シャイ、恥ずかしがる,4
771,寒假,hanjia,hánjià,冬休み,4
772,汗,han,hàn,汗,4
773,航班,hangban,hángbān,フライト,4
774,好处,haochu,hǎochù,利益,4
775,好像,haoxiang,hǎoxiàng,～のような,4
776,号码,haoma,hàomǎ,番号,4
777,合格,hege,hégé,合格する,4
778,合适,heshi,héshì,適当である、ちょうどよい,4
779,盒子,hezi,hézi,箱,4
780,猴子,houzi,hóuzi,猿,4
781,厚,hou,hòu,厚い,4
782,后悔,houhui,hòuhuǐ,後悔,4
783,后来,houlai,hòulái,その後,4
784,忽然,huran,hūrán,突然,4
785,护士,hushi,hùshì,看護師,4
786,互相,huxiang,hùxiāng,互いに,4
787,怀疑,huaiyi,huáiyí,疑いを抱く、疑う,4
788,回忆,huiyi,huíyì,記憶,4
789,活动,huodong,huódòng,活動,4
790,活泼,huopo,huópō,活発,4
791,火,huo,huǒ,火,4
792,获得,huode,huòdé,獲得する、得る,4
793,基础,jichu,jīchǔ,基礎、土台,4
794,激动,jidong,jīdòng,興奮する、感動する,4
795,积极,jiji,jījí,積極的な、ポジティブな,4
796,积累,jilei,jīlěi,蓄積,4
797,极其,jiqi,jíqí,極めて,4
798,集合,jihe,jíhé,集合する、集まる,4
799,及时,jishi,jíshí,適時である,4
800,即使,jishi,jíshǐ,たとえ〜であっても,4
801,寄,ji,jì,送る,4
802,记者,jizhe,jìzhě,記者,4
803,计划,jihua,jìhuà,計画,4
804,既然,jiran,jìrán,〜するからには,4
805,技术,jishu,jìshù,技術、テクノロジー,4
806,继续,jixu,jìxù,継続する,4
807,家具,jiaju,jiājù,家具,4
808,加班,jiaban,jiābān,残業,4
809,加油站,jiayouzhan,jiāyóuzhàn,ガソリンスタンド,4
810,假,jia,jiǎ,偽物,4
811,价格,jiage,jiàgé,価格,4
812,坚持,jianchi,jiānchí,やり通す、堅持する,4
813,减肥,jianfei,jiǎnféi,ダイエットする,4
814,减少,jianshao,jiǎnshǎo,減少,4
815,将来,jianglai,jiānglái,将来,4
816,奖金,jiangjin,jiǎngjīn,ボーナス,4
817,降低,jiangdi,jiàngdī,下がる、低下する,4
818,交,jiao,jiāo,つきあう、交わる,4
819,交流,jiaoliu,jiāoliú,交流する、交換する,4
820,交通,jiaotong,jiāotōng,交通、トラフィック,4
821,骄傲,jiaoao,jiāo'ào,傲慢だ、鼻にかける。,4
822,饺子,jiaozi,jiǎozi,餃子,4
823,教授,jiaoshou,jiàoshòu,教授,4
824,教育,jiaoyu,jiàoyù,教育,4
825,接受,jieshou,jiēshòu,受け入れる、受け取る,4
826,结果,jieguo,jiéguǒ,結果,4
827,节约,jieyue,jiéyuē,節約する,4
828,解释,jieshi,jiěshì,説明する、解釈する,4
829,尽管,jinguan,jǐnguǎn,〜にもかかわらず,4
830,紧张,jinzhang,jǐnzhāng,緊張,4
831,进行,jinxing,jìnxíng,進行する、行なわれる,4
832,禁止,jinzhi,jìnzhǐ,禁止,4
833,精彩,jingcai,jīngcǎi,すばらしい、見事である,4
834,精神,jingshen,jīngshén,精神,4
835,经济,jingji,jīngjì,経済,4
836,经历,jingli,jīnglì,経歴,4
837,经验,jingyan,jīngyàn,経験,4
838,京剧,jingju,jīngjù,中国の劇,4
839,警察,jingcha,jǐngchá,警察,4
840,竟然,jingran,jìngrán,意外にも、なんと,4
841,竞争,jingzheng,jìngzhēng,競争,4
842,镜子,jingzi,jìngzi,鏡,4
843,究竟,jiujing,jiùjìng,結局のところ,4
844,举办,juban,jǔbàn,挙行する、開催する,4
845,拒绝,jujue,jùjué,拒絶,4
846,距离,juli,jùlí,距離,4
847,开玩笑,kaiwanxiao,kāiwánxiào,冗談を言う,4
848,看法,kanfa,kànfǎ,見方、見解,4
849,考虑,kaolu,kǎolǜ,考慮する、考える,4
850,棵,ke,kē,（植物を数える量詞）〜本、〜株。,4
851,科学,kexue,kēxué,科学,4
852,咳嗽,kesou,késòu,咳,4
853,可怜,kelian,kělián,哀れである、かわいそうである,4
854,可是,keshi,kěshì,しかし,4
855,可惜,kexi,kěxí,惜しい、残念である,4
856,肯定,kending,kěndìng,肯定する,4
857,空气,kongqi,kōngqì,空気,4
858,恐怕,kongpa,kǒngpà,おそらく,4
859,苦,ku,kǔ,苦い,4
860,宽,kuan,kuān,広い,4
861,困,kun,kùn,眠い,4
862,困难,kunnan,kùnnán,困難,4
863,扩大,kuoda,kuòdà,拡大する、広げる,4
864,拉,la,lā,引く,4
865,垃圾桶,lajiton,lājītǒn,ゴミ箱,4
866,辣,la,là,辛い,4
867,来不及,laibuji,láibují,間に合わない,4
868,来得及,laideji,láidéjí,間に合う,4
869,懒,lan,lǎn,怠惰である,4
870,浪费,langfei,làngfèi,浪費,4
871,浪漫,langman,làngmàn,浪漫,4
872,老虎,laohu,lǎohǔ,虎,4
873,冷静,lengjing,lěngjìng,冷静,4
874,理发,lifa,lǐfǎ,散髪する,4
875,理解,lijie,lǐjiě,理解,4
876,理想,lixiang,lǐxiǎng,理想的,4
877,礼貌,limao,lǐmào,礼儀,4
878,厉害,lihai,lìhài,すごい,4
879,力气,liqi,lìqì,力、体力,4
880,例如,liru,lìrú,例えば,4
881,俩,lia,liǎ,どちらも,4
882,连,lian,lián,つながる、連なる,4
883,联系,lianxi,liánxì,結びつく、関連する,4
884,凉快,liangkuai,liángkuai,涼しい,4
885,亮,liang,liàng,明るい,4
886,聊天,liaotian,liáotiān,話す,4
887,另外,lingwai,lìngwài,別の、ほかの,4
888,留,liu,liú,とどまる、引き止める,4
889,留学,liuxue,liúxué,留学,4
890,流泪,liulei,liúlèi,涙を流す,4
891,流利,liuli,liúlì,流暢,4
892,流行,liuxing,liúxíng,流行っている,4
893,乱,luan,luàn,秩序のない、乱れている,4
894,律师,lushi,lǜshī,弁護士,4
895,麻烦,mafan,máfan,煩わしい、面倒である,4
896,马虎,mahu,mǎhǔ,いい加減である、なおざりである,4
897,满,man,mǎn,満ちている、いっぱいである,4
898,毛巾,maojin,máojīn,タオル,4
899,美丽,meili,měilì,美しい,4
900,梦,meng,mèng,夢,4
901,密码,mima,mìmǎ,パスワード,4
902,免费,mianfei,miǎnfèi,費用を免除する、無料にする,4
903,民族,minzu,mínzú,民族,4
904,母亲,muqin,mǔqīn,母,4
905,目的,mudi,mùdì,目的,4
906,耐心,naixin,nàixīn,辛抱強い、我慢強い,4
907,难道,nandao,nándào,まさか〜ではあるまい,4
908,难受,nanshou,nánshòu,苦しい、つらい,4
909,内,nei,nèi,以内,4
910,内容,neirong,nèiróng,内容、コンテンツ,4
911,能力,nengli,nénglì,能力,4
912,年龄,nianling,niánlíng,年齢,4
913,农村,nongcun,nóngcūn,農村、田舎,4
914,弄,nong,nòng,いじる・やる,4
915,暖和,nuanhuo,nuǎnhuo,暖かい,4
916,偶尔,ouer,ǒu'ěr,時には,4
917,排列,pailie,páiliè,配列する,4
918,判断,panduan,pànduàn,判断する、断定する,4
919,陪,pei,péi,同伴する、付き添う,4
920,批评,piping,pīpíng,批判する,4
921,皮肤,pifu,pífū,皮膚,4
922,脾气,piqi,píqì,気性、性質,4
923,篇,pian,piān,編、篇,4
924,骗,pian,piàn,だます、欺く,4
925,乒乓球,pingpangqiu,pīngpāngqiú,卓球,4
926,平时,pingshi,píngshí,通常、いつも,4
927,瓶子,pingzi,píngzi,瓶、ボトル,4
928,破,po,pò,壊す,4
929,普遍,pubian,pǔbiàn,普遍的である,4
930,其次,qici,qícì,次、その次,4
931,其中,qizhong,qízhōng,その中,4
932,起飞,qifei,qǐfēi,離陸,4
933,起来,qilai,qǐlái,起き上がる、起きて座る,4
934,气候,qihou,qìhòu,気候,4
935,千万,qianwan,qiānwàn,ぜひ、きっと,4
936,签证,qianzheng,qiānzhèng,査証、ビザ,4
937,墙,qiang,qiáng,壁,4
938,敲,qiao,qiāo,たたいて音を出す,4
939,桥,qiao,qiáo,橋,4
940,巧克力,qiaokeli,qiǎokèlì,チョコレート,4
941,亲戚,qinqi,qīnqī,親戚、親類,4
942,轻,qing,qīng,軽い,4
943,轻松,qingsong,qīngsōng,リラックス,4
944,情况,qingkuang,qíngkuàng,状況、事態,4
945,请假,qingjia,qǐngjià,休暇をもらう、休みを取る,4
946,请客,qingke,qǐngkè,招く、誘う、おごる,4
947,穷,qiong,qióng,貧しい、貧乏である,4
948,区别,qubie,qūbié,区別する、見分ける,4
949,取,qu,qǔ,取る、取って来る,4
950,全部,quanbu,quánbù,完成、全部,4
951,缺点,quedian,quēdiǎn,欠点、短所,4
952,欠缺,queshuai,quēquē,欠ける、不足する,4
953,却,que,què,退く、後退する,4
954,确实,queshi,quèshí,確実である、確かである,4
955,群,qun,qún,群れ、群,4
956,然而,raner,rán'ér,但し,4
957,热闹,renao,rènào,にぎやかである,4
958,人民币,renminbi,rénmínbì,人民元,4
959,任何,renhe,rènhé,いかなる、どのような,4
960,任务,renwu,rènwù,任務,4
961,扔,reng,rēng,投げる、ほうる,4
962,仍然,rengran,réngrán,依然として、あいかわらず,4
963,日记,riji,rìjì,日記,4
964,入口,rukou,rùkǒu,入口,4
965,软,ruan,ruǎn,軟らかい,4
966,散步,sanbu,sànbù,散歩する,4
967,森林,senlin,sēnlín,森,4
968,沙发,shafa,shāfā,ソファ,4
969,商量,shangliang,shāngliáng,話し合う、相談する,4
970,伤心,shangxin,shāngxīn,心を傷つける、悲しい,4
971,稍微,shaowei,shāowéi,少し、ちょっと,4
972,社会,shehui,shèhuì,社会,4
973,深,shen,shēn,深い,4
974,申请,shenqing,shēnqǐng,申請する,4
975,甚至,shenzhi,shènzhì,〜さえ、〜すら,4
976,生活,shenghuo,shēnghuó,生活,4
977,生命,shengming,shēngmìng,生命,4
978,省,sheng,shěng,節約する、省,4
979,剩,sheng,shèng,残る、余る,4
980,失败,shibai,shībài,敗れる、負ける,4
981,失望,shiwang,shīwàng,失望した,4
982,师傅,shifu,shīfù,師匠、親方,4
983,湿润,shirun,shīrùn,湿って潤いがある,4
984,狮子,shizi,shīzi,獅子、ライオン,4
985,十分,shifen,shífēn,十分,4
986,实际,shiji,shíjì,実際,4
987,实在,shizai,shízài,本当に、全く,4
988,食品,shipin,shípǐn,食品,4
989,使用,shiyong,shǐyòng,使う,4
990,试,shi,shì,試す,4
991,市场,shichang,shìchǎng,市場,4
992,适合,shihe,shìhé,適する,4
993,适应,shiying,shìyìng,適応する、相応,4
994,世纪,shiji,shìjì,世紀,4
995,收,shou,shōu,集める、収める,4
996,收入,shouru,shōurù,収入,4
997,收拾,shoushi,shōushí,片づける、整理する,4
998,首都,shoudu,shǒudū,首都,4
999,首先,shouxian,shǒuxiān,最初に、真っ先に,4
1000,受不了,shoubuliao,shòubùliǎo,耐えられない,4
1001,受到,shoudao,shòudào,受ける、被る,4
1002,售货员,shouhuoyuan,shòuhuòyuán,売り子、店員,4
1003,输,shu,shū,負ける、敗れる,4
1004,熟悉,shuxi,shúxī,よく知っている、熟知している,4
1005,数量,shuliang,shùliàng,数量,4
1006,数字,shuzi,shùzì,数字、デジタル,4
1007,帅,shuai,shuài,カッコいい,4
1008,顺便,shunbian,shùnbiàn,ついでに,4
1009,顺利,shunli,shùnlì,うまく進む、支障がない,4
1010,顺序,shunxu,shùnxù,順序、順番．,4
1011,说明,shuoming,shuōmíng,説明,4
1012,硕士,shuoshi,shuòshì,修士号,4
1013,死,si,sǐ,死ぬ,4
1014,速度,sudu,sùdù,速度、スピード,4
1015,塑料袋,suliaodai,sùliàodài,ビニール袋,4
1016,酸,suan,suān,酸っぱい,4
1017,算,suan,suàn,計算する、勘定する,4
1018,随便,suibian,suíbiàn,都合のよいようにする,4
1019,随着,suizhe,suízhe,つれて、従って,4
1020,孙子,sunzi,sūnzi,孫,4
1021,所有,suoyou,suǒyǒu,全て,4
1022,台,tai,tái,台(量詞),4
1023,抬,tai,tái,持ち上げる、担ぐ,4
1024,态度,taidu,tàidù,態度,4
1025,谈,tan,tán,話す,4
1026,弹钢琴,dangangqin,dàngāngqín,ピアノを弾く,4
1027,汤,tang,tāng,スープ,4
1028,趟,tang,tàng,往復する回数を数える量詞,4
1029,躺,tang,tǎng,横たわる、横になる,4
1030,讨论,taolun,tǎolùn,討論する,4
1031,讨厌,taoyan,tǎoyàn,嫌い,4
1032,特点,tedian,tèdiǎn,特色、特徴,4
1033,提供,tigong,tígōng,提供,4
1034,提前,tiqian,tíqián,繰り上げる,4
1035,提醒,tixing,tíxǐng,注意を促す,4
1036,填空,tiankong,tiánkòng,空欄に記入する,4
1037,条件,tiaojian,tiáojiàn,条件,4
1038,停止,tingzhi,tíngzhǐ,停止する,4
1039,挺,ting,tǐng,非常に、とても,4
1040,通过,tongguo,tōngguò,によって,4
1041,通知,tongzhi,tōngzhī,お知らせ、通知,4
1042,同情,tongqing,tóngqíng,同情,4
1043,推,tui,tuī,押す,4
1044,推迟,tuichi,tuīchí,遅らせる、延ばす,4
1045,脱,tuo,tuō,脱ぐ,4
1046,袜子,wazi,wàzi,靴下,4
1047,完全,wanquan,wánquán,完全である,4
1048,往,wang,wǎng,〜へ,4
1049,往往,wangwang,wǎngwǎng,往々にして、しばしば,4
1050,网球,wangqiu,wǎngqiú,テニス,4
1051,网站,wangzhan,wǎngzhàn,ウェブサイト,4
1052,危险,weixian,wéixiǎn,危険な,4
1053,味道,weidao,wèidào,味,4
1054,温度,wendu,wēndù,温度,4
1055,文章,wenzhang,wénzhāng,記事、文章,4
1056,握手,woshou,wòshǒu,握手,4
1057,污染,wuran,wūrǎn,汚染,4
1058,无,wu,wú,無い,4
1059,无聊,wuliao,wúliáo,退屈である、つまらない,4
1060,无论,wulun,wúlùn,かかわらず、どんなであっても,4
1061,误会,wuhui,wùhuì,誤解,4
1062,西红柿,xihongshi,xīhóngshì,トマト,4
1063,吸引,xiyin,xīyǐn,吸い寄せる、引きつける．,4
1064,洗衣机,xiyiji,xǐyījī,洗濯機,4
1065,咸,xian,xián,塩味,4
1066,现代,xiandai,xiàndài,近代的、現代,4
1067,羡慕,xianmu,xiànmù,羨ましい,4
1068,限制,xianzhi,xiànzhì,制限する,4
1069,香,xiang,xiāng,香り,4
1070,相反,xiangfan,xiāngfǎn,反して,4
1071,详细,xiangxi,xiángxì,詳細,4
1072,响,xiang,xiǎng,音がする、鳴る,4
1073,消息,xiaoxi,xiāoxī,ニュース、報道,4
1074,小说,xiaoshuo,xiǎoshuō,小説,4
1075,笑话,xiaohua,xiàohuà,冗談、笑い話,4
1076,效果,xiaoguo,xiàoguǒ,効果、結果,4
1077,辛苦,xinku,xīnkǔ,苦しい、つらい,4
1078,心情,xinqing,xīnqíng,気持ち、気分,4
1079,信任,xinren,xìnrèn,信頼する,4
1080,信心,xinxin,xìnxīn,自信、信念,4
1081,信用卡,xinyongka,xìnyòngkǎ,クレジットカード,4
1082,兴奋,xingfen,xīngfèn,興奮する,4
1083,行,xing,xíng,いいですよ、OK。,4
1084,醒,xing,xǐng,覚める,4
1085,性别,xingbie,xìngbié,性別,4
1086,性格,xingge,xìnggé,性格,4
1087,幸福,xingfu,xìngfú,幸せ,4
1088,修,xiu,xiū,直す,4
1089,许多,xuduo,xǔduō,多くの,4
1090,血,xue,xuè,血液,4
1091,压力,yali,yālì,圧力,4
1092,牙膏,yagao,yágāo,歯磨,4
1093,亚洲,yazhou,yàzhōu,アジア,4
1094,呀,ya,ya,うん,4
1095,盐,yan,yán,塩,4
1096,严格,yange,yángé,たいへん厳しい、厳格である,4
1097,严重,yanzhong,yánzhòng,重大である、深刻である,4
1098,研究生,yanjiusheng,yánjiūshēng,大学院生．,4
1099,演出,yanchu,yǎnchū,演出,4
1100,演员,yanyuan,yǎnyuán,俳優,4
1101,阳光,yangguang,yángguāng,日光,4
1102,养成,yangcheng,yǎngchéng,作り上げる、身につける,4
1103,样子,yangzi,yàngzi,様子,4
1104,邀请,yaoqing,yāoqǐng,招く、招待する．,4
1105,钥匙,yaoshi,yàoshi,鍵,4
1106,也许,yexu,yěxǔ,あるいは〜かもしれない,4
1107,页,ye,yè,ページ,4
1108,叶子,yezi,yèzi,葉,4
1109,一切,yiqie,yīqiè,すべて,4
1110,以,yi,yǐ,によって,4
1111,亿,yi,yì,一億,4
1112,意见,yijian,yìjiàn,意見,4
1113,艺术,yishu,yìshù,アート、芸術,4
1114,因此,yinci,yīncǐ,それだからこそ,4
1115,饮料,yinliao,yǐnliào,飲物,4
1116,引起,yinqi,yǐnqǐ,引き起こす,4
1117,印象,yinxiang,yìnxiàng,印象,4
1118,赢,ying,yíng,勝利,4
1119,硬,ying,yìng,硬い,4
1120,勇敢,yonggan,yǒnggǎn,勇敢,4
1121,永远,yongyuan,yǒngyuǎn,永久に,4
1122,优点,youdian,yōudiǎn,長所、メリット,4
1123,优秀,youxiu,yōuxiù,優秀,4
1124,幽默,youmo,yōumò,ユーモア,4
1125,由,you,yóu,によって、理由,4
1126,由于,youyu,yóuyú,〜によって、〜のために,4
1127,尤其,youqi,yóuqí,とりわけ、殊に,4
1128,有趣,youqu,yǒuqù,面白い,4
1129,友好,youhao,yǒuhǎo,友好的である,4
1130,友谊,youyi,yǒuyì,友情,4
1131,愉快,yukuai,yúkuài,愉快である、心楽しい,4
1132,于是,yushi,yúshì,それから,4
1133,与,yu,yǔ,と,4
1134,语法,yufa,yǔfǎ,文法、語法,4
1135,语言,yuyan,yǔyán,言語,4
1136,羽毛球,yumaoqiu,yǔmáoqiú,バドミントン,4
1137,预习,yuxi,yùxí,予習する,4
1138,圆,yuan,yuán,円い、円形である,4
1139,原来,yuanlai,yuánlái,元々,4
1140,原谅,yuanliang,yuánliàng,許す,4
1141,原因,yuanyin,yuányīn,原因、理由,4
1142,约会,yuehui,yuēhuì,会う約束をする．,4
1143,阅读,yuedu,yuèdú,閲読する、読む,4
1144,允许,yunxu,yǔnxǔ,許す、認める,4
1145,杂志,zazhi,zázhì,雑誌,4
1146,咱们,zanmen,zánmen,我々,4
1147,暂时,zhanshi,zhànshí,一時、しばらく,4
1148,脏,zang,zàng,汚い,4
1149,责任,zeren,zérèn,責任,4
1150,增加,zengjia,zēngjiā,増加する,4
1151,增长,zengzhang,zēngzhǎng,増える,4
1152,窄,zhai,zhǎi,狭い,4
1153,招聘,zhaopin,zhāopìn,募集する、招く,4
1154,真正,zhenzheng,zhēnzhèng,本当の、真の,4
1155,整理,zhengli,zhěnglǐ,整理する、整頓,4
1156,整齐,zhengqi,zhěngqí,秩序がある、秩序正しい,4
1157,正常,zhengchang,zhèngcháng,正常である,4
1158,正好,zhenghao,zhènghǎo,ちょうどよい,4
1159,正确,zhengque,zhèngquè,正確,4
1160,正式,zhengshi,zhèngshì,正式の、公式の,4
1161,证明,zhengming,zhèngmíng,証明する,4
1162,之,zhi,zhī,〜の（文語表現）。,4
1163,只,zhi,zhǐ,単独の、たった一つの,4
1164,支持,zhichi,zhīchí,支持する、支援する,4
1165,知识,zhishi,zhīshì,知識,4
1166,值得,zhide,zhídé,値段に見合う、割に合う,4
1167,直接,zhijie,zhíjiē,直接的である,4
1168,植物,zhiwu,zhíwù,植物,4
1169,职业,zhiye,zhíyè,職業,4
1170,指,zhi,zhǐ,指,4
1171,只好,zhihao,zhǐhǎo,やむなく、やむをえず,4
1172,只要,zhiyao,zhǐyào,〜しさえすれば,4
1173,质量,zhiliang,zhìliàng,品質,4
1174,至少,zhishao,zhìshǎo,少なくとも,4
1175,制造,zhizao,zhìzào,製造する、作る,4
1176,中文,zhongwen,zhōngwén,中国語,4
1177,重点,zhongdian,zhòngdiǎn,重要な、重点的な,4
1178,重视,zhongshi,zhòngshì,重視する,4
1179,周围,zhouwei,zhōuwéi,周りに,4
1180,猪,zhu,zhū,豚,4
1181,逐渐,zhujian,zhújiàn,次第に、だんだん,4
1182,主动,zhudong,zhǔdòng,主体的である,4
1183,主意,zhuyi,zhǔyì,考え,4
1184,祝贺,zhuhe,zhùhè,祝う,4
1185,著名,zhuming,zhùmíng,著名である,4
1186,专门,zhuanmen,zhuānmén,専門,4
1187,专业,zhuanye,zhuānyè,専攻,4
1188,赚,zhuan,zhuàn,もうける,4
1189,撞,zhuang,zhuàng,ぶつかる,4
1190,准确,zhunque,zhǔnquè,精度が高い,4
1191,准时,zhunshi,zhǔnshí,時間が正確である,4
1192,仔细,zixi,zǐxì,注意深い、こまやかである,4
1193,自然,ziran,zìrán,自然に,4
1194,总结,zongjie,zǒngjié,概要、まとめる,4
1195,租,zu,zū,借りる、レンタルする。,4
1196,组成,zucheng,zǔchéng,組み合わせる、構成する,4
1197,组织,zuzhi,zǔzhī,組織,4
1198,嘴,zui,zuǐ,口,4
1199,最好,zuihao,zuì hǎo,最高,4
1200,最后,zuihou,zuìhòu,遂に,4
1201,尊重,zunzhong,zūnzhòng,尊敬,4
1202,生意,shengyi,shēngyì,ビジネス,4
1203,座,zuo,zuò,座る,4
1204,座位,zuowei,zuòwèi,座席,4
1205,作者,zuozhe,zuòzhě,著者、作者,4
